,date,Confirmed,active_cases,active_rolling
694,2020-06-01,93435,,
695,2020-06-01,1812567,1719132.0,
693,2020-06-01,198370,-1614197.0,
1369,2020-06-02,97326,-101044.0,
1368,2020-06-02,207191,109865.0,
1370,2020-06-02,1833599,1626408.0,
1365,2020-06-03,216824,-1616775.0,
1367,2020-06-03,1853453,1636629.0,251431.14285714287
1366,2020-06-03,101238,-1752215.0,-244475.57142857142
1164,2020-06-04,226713,125475.0,4049.0
1166,2020-06-04,1874899,1648186.0,253939.0
1165,2020-06-04,105680,-1769219.0,-14501.57142857143
1169,2020-06-05,1904778,1799098.0,10168.42857142857
1167,2020-06-05,236184,-1668594.0,2765.714285714286
1168,2020-06-05,110026,-126158.0,-249061.0
28,2020-06-06,113619,3593.0,1768.7142857142858
29,2020-06-06,1927657,1814038.0,242992.0
27,2020-06-06,246622,-1681035.0,-232611.0
26,2020-06-07,1946417,1699795.0,262962.4285714286
25,2020-06-07,117103,-1829314.0,-255382.14285714287
24,2020-06-07,257486,140383.0,3043.1428571428573
1253,2020-06-08,1962954,1705468.0,264704.0
1251,2020-06-08,265928,-1697026.0,21758.428571428572
1252,2020-06-08,120102,-145826.0,-258222.14285714287
1242,2020-06-09,276146,156044.0,4217.714285714285
1244,2020-06-09,1980949,1704803.0,4933.142857142857
1243,2020-06-09,124301,-1856648.0,1028.2857142857142
211,2020-06-10,129184,4883.0,-18328.85714285714
212,2020-06-10,2002468,1873284.0,5644.857142857143
210,2020-06-10,276583,-1725885.0,1522.142857142857
215,2020-06-11,2024536,1747953.0,272062.0
213,2020-06-11,297535,-1727001.0,3055.5714285714284
214,2020-06-11,133974,-163561.0,-263853.5714285714
962,2020-06-12,2050706,1916732.0,275200.71428571426
961,2020-06-12,139196,-1911510.0,1430.2857142857142
960,2020-06-12,297535,158339.0,-243561.85714285713
959,2020-06-13,2076262,1778727.0,257097.0
957,2020-06-13,308993,-1767269.0,-245077.57142857142
958,2020-06-13,142690,-166303.0,-22120.714285714286
1546,2020-06-14,146837,4147.0,1837.5714285714287
1547,2020-06-14,2095981,1949144.0,6467.857142857143
1545,2020-06-14,320922,-1775059.0,25960.85714285714
1548,2020-06-15,343091,22169.0,6508.0
1549,2020-06-15,150264,-192827.0,-275142.5714285714
1550,2020-06-15,2114523,1964259.0,257932.85714285713
420,2020-06-16,354065,-1760458.0,30196.428571428572
422,2020-06-16,2138451,1784386.0,284516.28571428574
421,2020-06-16,154863,-1983588.0,-277302.5714285714
419,2020-06-17,2165691,2010828.0,263538.4285714286
417,2020-06-17,366946,-1798745.0,3407.8571428571427
418,2020-06-17,159793,-207153.0,1361.2857142857142
878,2020-06-18,2193641,2033848.0,11302.57142857143
876,2020-06-18,380532,-1813109.0,3781.0
877,2020-06-18,165455,-215077.0,-281856.5714285714
875,2020-06-19,2225779,2060324.0,295845.14285714284
874,2020-06-19,170485,-2055294.0,-285029.4285714286
873,2020-06-19,395048,224563.0,4014.5714285714284
1535,2020-06-20,2258730,1863682.0,299848.14285714284
1533,2020-06-20,410461,-1848269.0,-254740.0
1534,2020-06-20,175202,-235259.0,-29332.85714285714
1536,2020-06-21,425282,250080.0,37118.142857142855
1537,2020-06-21,180545,-244737.0,-292176.28571428574
1538,2020-06-21,2285120,2104575.0,302090.71428571426
639,2020-06-22,440215,-1844905.0,6452.428571428572
640,2020-06-22,185122,-255093.0,-296229.71428571426
641,2020-06-22,2316447,2131325.0,272283.71428571426
638,2020-06-23,2352803,36356.0,311085.85714285716
637,2020-06-23,191410,-2161393.0,-33410.28571428572
636,2020-06-23,456183,264773.0,39376.857142857145
392,2020-06-24,2389361,1933178.0,14891.57142857143
390,2020-06-24,473105,-1916256.0,4698.571428571428
391,2020-06-24,196847,-276258.0,1675.0
395,2020-06-25,2429871,2233024.0,16203.42857142857
393,2020-06-25,490401,-1939470.0,-266057.4285714286
394,2020-06-25,202951,-287450.0,1648.7142857142858
938,2020-06-26,2476030,2273079.0,288549.5714285714
937,2020-06-26,208392,-2267638.0,-311567.0
936,2020-06-26,508953,300561.0,5121.142857142857
933,2020-06-27,528859,19906.0,47430.28571428572
935,2020-06-27,2518209,1989350.0,12619.714285714286
934,2020-06-27,212802,-2305407.0,-39657.0
481,2020-06-28,216852,4050.0,1985.857142857143
482,2020-06-28,2560321,2343469.0,12041.57142857143
480,2020-06-28,548318,-2012003.0,48560.857142857145
473,2020-06-29,2600071,2051753.0,298731.14285714284
472,2020-06-29,220657,-2379414.0,-44028.857142857145
471,2020-06-29,566840,346183.0,-278767.0
1110,2020-06-30,585493,18653.0,53241.57142857143
1112,2020-06-30,2647342,2061849.0,347212.85714285716
1111,2020-06-30,226089,-2421253.0,-333461.71428571426
1397,2020-07-01,2698353,2472264.0,307147.85714285716
1396,2020-07-01,231770,-2466583.0,-338328.71428571426
1395,2020-07-01,604641,372871.0,54854.857142857145
723,2020-07-02,625544,20903.0,8386.285714285714
724,2020-07-02,238511,-387033.0,-49568.857142857145
725,2020-07-02,2753197,2514686.0,15122.142857142857
727,2020-07-03,245251,-2507946.0,2737.4285714285716
726,2020-07-03,648315,403064.0,-292862.5714285714
728,2020-07-03,2807589,2159274.0,367974.14285714284
95,2020-07-04,2856099,48510.0,321636.85714285716
94,2020-07-04,252165,-2603934.0,-53339.857142857145
93,2020-07-04,673165,421000.0,62093.42857142857
92,2020-07-05,2905664,2232499.0,21781.0
91,2020-07-05,256848,-2648816.0,1656.7142857142858
90,2020-07-05,697413,440565.0,7014.0
1221,2020-07-06,719664,22251.0,-298275.0
1222,2020-07-06,261750,-457914.0,-370621.28571428574
1223,2020-07-06,2951697,2689947.0,385647.4285714286
1226,2020-07-07,3010607,58910.0,333920.28571428574
1225,2020-07-07,268008,-2742599.0,-376808.0
1224,2020-07-07,742417,474409.0,69367.0
804,2020-07-08,767296,24879.0,9983.285714285714
805,2020-07-08,275003,-492293.0,-63523.0
806,2020-07-08,3069881,2794878.0,401161.5714285714
813,2020-07-09,793802,-2276079.0,-308270.71428571426
814,2020-07-09,282283,-511519.0,-389760.5714285714
815,2020-07-09,3130599,2848316.0,408941.5714285714
1007,2020-07-10,3198475,67876.0,350865.4285714286
1005,2020-07-10,820916,-2377559.0,7660.0
1006,2020-07-10,289174,-531742.0,2024.4285714285713
1004,2020-07-11,3259863,2970689.0,27140.285714285714
1003,2020-07-11,295268,-2964595.0,-71219.14285714286
1002,2020-07-11,849522,554254.0,81034.14285714286
257,2020-07-12,3320744,2471222.0,27163.571428571428
256,2020-07-12,299750,-3020994.0,-414103.5714285714
255,2020-07-12,878254,578504.0,8191.142857142857
260,2020-07-13,3378087,2499833.0,441273.28571428574
259,2020-07-13,304435,-3073652.0,-422204.0
258,2020-07-13,906752,602317.0,87354.85714285714
498,2020-07-14,936181,29429.0,12379.857142857143
499,2020-07-14,311486,-624695.0,-429894.0
500,2020-07-14,3445024,3133538.0,449324.85714285716
495,2020-07-15,968857,-2476167.0,12943.285714285714
496,2020-07-15,317635,-651222.0,-437207.4285714286
497,2020-07-15,3512928,3195293.0,458356.14285714284
1608,2020-07-16,1003832,-2509096.0,13868.57142857143
1609,2020-07-16,324041,-679791.0,-87448.57142857143
1610,2020-07-16,3588827,3264786.0,468191.5714285714
1613,2020-07-17,3660951,72124.0,30846.714285714286
1612,2020-07-17,331298,-3329653.0,-91079.85714285714
1611,2020-07-17,1039084,707786.0,103064.14285714286
407,2020-07-18,3725752,2686668.0,30403.428571428572
405,2020-07-18,1077781,-2647971.0,10564.142857142857
406,2020-07-18,338913,-738868.0,2124.5714285714284
408,2020-07-19,1118206,779293.0,-352945.85714285716
409,2020-07-19,344224,-773982.0,-473818.14285714284
410,2020-07-19,3787896,3443672.0,493799.71428571426
565,2020-07-20,349396,-3438500.0,-98526.85714285714
566,2020-07-20,3847543,3498147.0,17398.714285714286
564,2020-07-20,1155338,-2692205.0,11079.57142857143
561,2020-07-21,1193078,37740.0,122023.57142857143
562,2020-07-21,356255,-836823.0,-108850.14285714286
563,2020-07-21,3913604,3557349.0,509911.4285714286
1452,2020-07-22,1238798,-2674806.0,-364156.85714285716
1454,2020-07-22,3983743,2744945.0,519192.4285714286
1453,2020-07-22,362274,-3621469.0,-497895.5714285714
1456,2020-07-23,370712,8438.0,-112089.42857142857
1455,2020-07-23,1288108,917396.0,13575.714285714286
1457,2020-07-23,4051749,2763641.0,527927.7142857143
893,2020-07-24,4126772,75023.0,30452.571428571428
892,2020-07-24,378285,-3748487.0,-122930.42857142857
891,2020-07-24,1337024,958739.0,-378102.71428571426
890,2020-07-25,4193089,2856065.0,547259.2857142857
889,2020-07-25,385036,-3808053.0,2046.2857142857142
888,2020-07-25,1385635,1000599.0,13932.42857142857
344,2020-07-26,4250614,2864979.0,28409.285714285714
343,2020-07-26,390516,-3860098.0,-533750.8571428572
342,2020-07-26,1435616,1045100.0,151047.2857142857
346,2020-07-27,395489,-1040127.0,-134505.0
347,2020-07-27,4306680,3911191.0,16227.285714285714
345,2020-07-27,1480073,-2826607.0,156433.85714285713
1552,2020-07-28,402697,-1077376.0,-140419.7142857143
1551,2020-07-28,1483156,1080459.0,-395351.14285714284
1553,2020-07-28,4370689,2887533.0,568596.1428571428
1558,2020-07-29,408449,-3962240.0,-146738.14285714287
1557,2020-07-29,1581963,1173514.0,169496.2857142857
1559,2020-07-29,4438763,2856800.0,18869.0
122,2020-07-30,4507214,68451.0,432448.71428571426
121,2020-07-30,416179,-4091035.0,1926.0
120,2020-07-30,1634746,1218567.0,21655.714285714286
117,2020-07-31,1695988,61242.0,-382100.14285714284
118,2020-07-31,424637,-1271351.0,2312.5714285714284
119,2020-07-31,4575640,4151003.0,427668.14285714284
880,2020-08-01,434193,-4141447.0,-572081.4285714285
879,2020-08-01,1750723,1316530.0,-393784.4285714286
881,2020-08-01,4635814,2885091.0,602805.0
327,2020-08-02,1803695,-2832119.0,24135.571428571428
328,2020-08-02,439046,-1364649.0,-179563.14285714287
329,2020-08-02,4682224,4243178.0,608226.7142857143
325,2020-08-03,443813,-4238411.0,-590261.0
324,2020-08-03,1855745,1411932.0,203078.85714285713
326,2020-08-03,4728302,2872557.0,425368.4285714286
574,2020-08-04,449961,-4278341.0,-597979.0
575,2020-08-04,4783687,4333726.0,425713.14285714284
573,2020-08-04,1908254,-2875433.0,209886.85714285713
578,2020-08-05,4838931,2930677.0,22386.714285714286
577,2020-08-05,456100,-4382831.0,1755.2857142857142
576,2020-08-05,1964536,1508436.0,15541.57142857143
1478,2020-08-06,4896306,2931770.0,24000.571428571428
1476,2020-08-06,2027074,-2869232.0,225301.85714285713
1477,2020-08-06,462690,-1564384.0,-617285.2857142857
1475,2020-08-07,4957678,4494988.0,435632.0
1474,2020-08-07,469407,-4488271.0,-624217.7142857143
1473,2020-08-07,2088611,1619204.0,233215.85714285713
218,2020-08-08,5013729,2925118.0,435599.0
217,2020-08-08,475902,-4537827.0,-631486.2857142857
216,2020-08-08,2153010,1677108.0,17990.85714285714
207,2020-08-09,2215074,62064.0,250340.57142857142
208,2020-08-09,480278,-1734796.0,-639628.5714285715
209,2020-08-09,5062953,4582675.0,656220.8571428572
1246,2020-08-10,485836,-4577117.0,-228967.85714285713
1245,2020-08-10,2268675,1782839.0,-392150.5714285714
1247,2020-08-10,5108213,2839538.0,661758.7142857143
1250,2020-08-11,5161090,52877.0,429725.71428571426
1249,2020-08-11,492522,-4668568.0,-246078.85714285713
1248,2020-08-11,2329638,1837116.0,264194.28571428574
759,2020-08-12,2396637,66999.0,-380902.28571428574
761,2020-08-12,5213428,2816791.0,675370.2857142857
760,2020-08-12,498380,-4715048.0,-252899.2857142857
758,2020-08-13,5264867,4766487.0,22379.14285714286
757,2020-08-13,505751,-4759116.0,-665048.4285714285
756,2020-08-13,2461190,1955439.0,281238.28571428574
126,2020-08-14,2525922,64732.0,28040.571428571428
127,2020-08-14,511369,-2014553.0,-269324.0
128,2020-08-14,5329946,4818577.0,16645.428571428572
129,2020-08-15,2589952,-2739994.0,298796.0
130,2020-08-15,517714,-2072238.0,-678164.7142857143
131,2020-08-15,5380358,4862644.0,696372.4285714285
1077,2020-08-16,2647663,-2732695.0,26639.0
1078,2020-08-16,522162,-2125501.0,-286251.4285714286
1079,2020-08-16,5421222,4899060.0,701407.5714285715
1075,2020-08-17,525733,-4895489.0,-686316.1428571428
1076,2020-08-17,5456274,4930541.0,409474.5714285714
1074,2020-08-17,2702681,-2753593.0,312138.14285714284
691,2020-08-18,531239,-2171442.0,-692731.2857142857
690,2020-08-18,2767253,2236014.0,17084.285714285714
692,2020-08-18,5499301,2732048.0,711019.8571428572
687,2020-08-19,2836925,-2662376.0,-369185.28571428574
688,2020-08-19,537031,-2299894.0,1614.0
689,2020-08-19,5542914,5005883.0,12377.142857142857
66,2020-08-20,2905825,-2637089.0,29020.571428571428
67,2020-08-20,543806,-2362019.0,1795.2857142857142
68,2020-08-20,5587445,5043639.0,402884.5714285714
71,2020-08-21,5636941,49496.0,19662.85714285714
69,2020-08-21,2975701,-2661240.0,19825.14285714286
70,2020-08-21,549734,-2425967.0,1814.7142857142858
1210,2020-08-22,556216,6482.0,-712385.4285714285
1211,2020-08-22,5681968,5125752.0,396591.85714285716
1209,2020-08-22,3044940,-2637028.0,357304.85714285716
1208,2020-08-23,5716844,2671904.0,18485.571428571428
1207,2020-08-23,560164,-5156680.0,-725253.8571428572
1206,2020-08-23,3106348,2546184.0,18663.85714285714
1418,2020-08-24,5752077,2645729.0,743191.8571428572
1417,2020-08-24,563705,-5188372.0,1069.857142857143
1416,2020-08-24,3167323,2603618.0,-359235.0
1421,2020-08-25,5792863,2625540.0,392560.4285714286
1420,2020-08-25,568621,-5224242.0,-735460.4285714285
1419,2020-08-25,3224547,2655926.0,380626.14285714284
738,2020-08-26,3310234,85687.0,29126.571428571428
740,2020-08-26,5835224,2524990.0,11878.142857142857
739,2020-08-26,573888,-5261336.0,1454.7142857142858
735,2020-08-27,3387500,2813612.0,31453.85714285714
736,2020-08-27,579914,-2807586.0,-744707.0
737,2020-08-27,5881471,5301557.0,758978.5714285715
1114,2020-08-28,585738,-5295733.0,-376972.71428571426
1115,2020-08-28,5928279,5342541.0,374006.4285714286
1113,2020-08-28,3463972,-2464307.0,-338750.28571428574
1107,2020-08-29,3542733,78761.0,424120.71428571426
1108,2020-08-29,591712,-2951021.0,-399398.28571428574
1109,2020-08-29,5973889,5382177.0,770567.8571428572
476,2020-08-30,6008835,34946.0,18194.85714285714
475,2020-08-30,595841,-5412994.0,1443.2857142857142
474,2020-08-30,3621245,3025404.0,-329576.28571428574
477,2020-08-31,3691166,69921.0,32456.285714285714
478,2020-08-31,599560,-3091606.0,-420453.28571428574
479,2020-08-31,6043565,5444005.0,778836.1428571428
404,2020-09-01,6087344,43779.0,16207.857142857143
403,2020-09-01,606036,-5481308.0,-771828.4285714285
402,2020-09-01,3769523,3163487.0,453383.14285714284
947,2020-09-02,6127090,2357567.0,357977.85714285716
945,2020-09-02,3853406,-2273684.0,23177.14285714286
946,2020-09-02,610957,-3242449.0,1628.142857142857
948,2020-09-03,3936747,3325790.0,-300974.0
949,2020-09-03,616894,-3319853.0,-781492.8571428572
950,2020-09-03,6164111,5547217.0,794010.7142857143
1524,2020-09-04,4023179,-2140932.0,36236.57142857143
1525,2020-09-04,623090,-3400089.0,-786285.7142857143
1526,2020-09-04,6215201,5592111.0,337399.28571428574
1522,2020-09-05,629409,-5585792.0,2636.0
1523,2020-09-05,6259223,5629814.0,331782.28571428574
1521,2020-09-05,4113811,-2145412.0,499559.5714285714
621,2020-09-06,4204613,90802.0,-279928.28571428574
622,2020-09-06,634023,-3570590.0,-484165.14285714284
623,2020-09-06,6290538,5656515.0,809635.4285714285
626,2020-09-07,6315054,24516.0,14264.714285714286
624,2020-09-07,4280422,-2034632.0,521573.28571428574
625,2020-09-07,637509,-3642913.0,-803102.0
999,2020-09-08,4370128,3732619.0,36616.71428571428
1000,2020-09-08,642860,-3727268.0,-508821.85714285716
1001,2020-09-08,6340429,5697569.0,815200.8571428572
1010,2020-09-09,6375620,35191.0,12154.57142857143
1008,2020-09-09,4465863,-1909757.0,-264170.14285714284
1009,2020-09-09,647321,-3818542.0,-519014.4285714286
812,2020-09-10,6410763,5763442.0,824750.5714285715
811,2020-09-10,652364,-5758399.0,-531109.1428571428
810,2020-09-10,4562414,3910050.0,559936.2857142857
807,2020-09-11,4659984,97570.0,-240063.57142857142
809,2020-09-11,6458508,1798524.0,11841.142857142857
808,2020-09-11,658299,-5800209.0,-543937.7142857143
1291,2020-09-12,663973,5674.0,2378.8571428571427
1290,2020-09-12,4754356,4090383.0,-236629.57142857142
1292,2020-09-12,6500813,1746457.0,835492.7142857143
1293,2020-09-13,4846427,-1654386.0,40573.28571428572
1295,2020-09-13,6535747,1689320.0,267966.14285714284
1294,2020-09-13,668381,-5867366.0,-827161.0
1105,2020-09-14,671716,3335.0,1916.7142857142858
1104,2020-09-14,4846427,4174711.0,597493.4285714285
1106,2020-09-14,6568658,1722231.0,259186.0
1103,2020-09-15,6608132,39474.0,15331.285714285714
1102,2020-09-15,676487,-5931645.0,-595705.7142857143
1101,2020-09-15,5020359,4343872.0,-216484.0
154,2020-09-16,680931,-4339428.0,1792.857142857143
155,2020-09-16,6646433,5965502.0,853531.0
153,2020-09-16,5118253,-1528180.0,38832.28571428572
157,2020-09-17,684113,-4434140.0,-840649.2857142857
158,2020-09-17,6691882,6007769.0,11964.285714285714
156,2020-09-17,5214677,-1477205.0,648312.8571428572
1400,2020-09-18,6741293,1526616.0,245847.7142857143
1398,2020-09-18,5308014,-1433279.0,661011.8571428572
1399,2020-09-18,688954,-4619060.0,-851068.4285714285
1402,2020-09-19,694121,5167.0,-632018.8571428572
1403,2020-09-19,6784772,6090651.0,871522.7142857143
1401,2020-09-19,5400619,-1384153.0,-184466.14285714287
1187,2020-09-20,6824738,1424119.0,230008.7142857143
1186,2020-09-20,697663,-6127075.0,-863375.7142857143
1185,2020-09-20,5487580,4789917.0,25652.285714285714
1184,2020-09-21,6875333,1387753.0,883768.4285714285
1183,2020-09-21,700580,-6174753.0,922.7142857142857
1182,2020-09-21,5562663,4862083.0,-174587.0
39,2020-09-22,5646010,83347.0,35055.857142857145
40,2020-09-22,705263,-4940747.0,-874210.7142857143
41,2020-09-22,6915879,6210616.0,888316.5714285715
44,2020-09-23,6953458,37579.0,209411.14285714287
43,2020-09-23,710049,-6243409.0,-880754.8571428572
42,2020-09-23,5732518,5022469.0,718848.2857142857
672,2020-09-24,5818570,86052.0,36558.142857142855
673,2020-09-24,715457,-5103113.0,-704364.7142857143
674,2020-09-24,7001361,6285904.0,899442.5714285715
670,2020-09-25,720858,-6280503.0,-885003.0
669,2020-09-25,5903932,5183074.0,-149932.2857142857
671,2020-09-25,7054696,1150764.0,906378.1428571428
1353,2020-09-26,5992532,-1062164.0,37144.857142857145
1354,2020-09-26,726431,-5266101.0,-727448.4285714285
1355,2020-09-26,7100337,6373906.0,912125.7142857143
1357,2020-09-27,730317,-6370020.0,-895863.4285714285
1356,2020-09-27,6074702,5344385.0,764834.8571428572
1358,2020-09-27,7139349,1064647.0,176488.14285714287
116,2020-09-28,7171980,32631.0,16754.85714285714
114,2020-09-28,6145291,-1026689.0,21822.714285714286
115,2020-09-28,733717,-5411574.0,1040.857142857143
125,2020-09-29,7216183,6482466.0,16549.428571428572
123,2020-09-29,6225763,-990420.0,785063.7142857143
124,2020-09-29,738163,-5487600.0,-762362.7142857143
1554,2020-09-30,6312584,5574421.0,-118109.28571428571
1556,2020-09-30,7256553,943969.0,12081.857142857143
1555,2020-09-30,743216,-6513337.0,-771725.0
35,2020-10-01,7302769,6559553.0,938436.0
34,2020-10-01,748315,-6554454.0,-923981.1428571428
33,2020-10-01,6386526,5638211.0,22966.14285714286
1178,2020-10-02,7358232,971706.0,945724.1428571428
1176,2020-10-02,6473544,-884688.0,22994.285714285714
1177,2020-10-02,753090,-5720454.0,-929066.1428571428
1179,2020-10-03,6549373,5796283.0,829451.0
1181,2020-10-03,7409223,859850.0,15207.714285714286
1180,2020-10-03,757953,-6651270.0,1376.857142857143
1350,2020-10-04,6623815,5865862.0,33898.42857142857
1351,2020-10-04,761665,-5862150.0,-942366.7142857143
1352,2020-10-04,7443970,6682305.0,138632.2857142857
1347,2020-10-05,6685082,-758888.0,847427.4285714285
1348,2020-10-05,789780,-5895302.0,-822799.0
1349,2020-10-05,7482476,6692696.0,10464.714285714286
663,2020-10-06,6757131,-725345.0,857025.4285714285
664,2020-10-06,794608,-5962523.0,-832743.8571428572
665,2020-10-06,7527877,6733269.0,966601.7142857143
667,2020-10-07,799188,-6728689.0,-949254.5714285715
666,2020-10-07,6835655,6036467.0,21510.428571428572
668,2020-10-07,7578004,742349.0,969746.2857142857
1050,2020-10-08,6906151,-671853.0,-82332.14285714286
1051,2020-10-08,804488,-6101663.0,-850377.5714285715
1052,2020-10-08,7637080,6832592.0,977496.0
1057,2020-10-09,810020,-6827060.0,-959693.8571428572
1056,2020-10-09,6979423,6169403.0,882890.7142857143
1058,2020-10-09,7694093,714670.0,122634.0
434,2020-10-10,7750089,55996.0,24583.571428571428
433,2020-10-10,814328,-6935761.0,-870260.4285714285
432,2020-10-10,7053806,6239478.0,892759.7142857143
426,2020-10-11,7120538,66732.0,-73791.71428571429
428,2020-10-11,7797015,676477.0,998142.1428571428
427,2020-10-11,817503,-6979512.0,-880274.2857142857
1562,2020-10-12,7839077,7021574.0,20712.0
1561,2020-10-12,821045,-7018032.0,-989863.4285714285
1560,2020-10-12,7175880,6354835.0,908793.1428571428
1563,2020-10-13,7239389,63509.0,26511.85714285714
1564,2020-10-13,825340,-6414049.0,-899314.0
1565,2020-10-13,7890331,7064991.0,13330.857142857143
955,2020-10-14,829396,-7060935.0,1699.0
954,2020-10-14,7307097,6477701.0,-75997.14285714286
956,2020-10-14,7949533,642436.0,1018355.4285714285
952,2020-10-15,834910,-7114623.0,-905852.8571428572
951,2020-10-15,7370468,6535558.0,18725.571428571428
953,2020-10-15,8014882,644414.0,1027077.4285714285
196,2020-10-16,841661,-7173221.0,-1006952.8571428572
195,2020-10-16,7432680,6591019.0,943326.2857142857
197,2020-10-16,8084106,651426.0,111001.28571428571
200,2020-10-17,8141919,57813.0,27483.714285714286
199,2020-10-17,847108,-7294811.0,1742.5714285714287
198,2020-10-17,7494551,6647443.0,17726.14285714286
1460,2020-10-18,8193140,698589.0,25465.428571428572
1459,2020-10-18,851227,-7341913.0,1366.5714285714287
1458,2020-10-18,7550273,6699046.0,16799.0
1462,2020-10-19,854926,-6695347.0,-1032740.0
1461,2020-10-19,7597063,6742137.0,-77836.57142857143
1463,2020-10-19,8260106,663043.0,1058999.7142857143
943,2020-10-20,860714,-7399392.0,-947691.0
944,2020-10-20,8322024,7461310.0,18412.0
942,2020-10-20,7651107,-670917.0,971411.4285714285
941,2020-10-21,8384742,733635.0,119209.85714285714
940,2020-10-21,867559,-7517183.0,1804.7142857142858
939,2020-10-21,7706946,6839387.0,15697.57142857143
396,2020-10-22,7761312,54366.0,-71256.28571428571
397,2020-10-22,874171,-6887141.0,1922.4285714285713
398,2020-10-22,8461083,7586912.0,19865.571428571428
399,2020-10-23,7814682,-646401.0,23367.85714285714
400,2020-10-23,880775,-6933907.0,-1071995.2857142857
401,2020-10-23,8544371,7663596.0,1096687.4285714286
619,2020-10-24,886800,-7657571.0,-974306.5714285715
620,2020-10-24,8628294,7741494.0,123854.57142857143
618,2020-10-24,7864811,-763483.0,998662.8571428572
615,2020-10-25,7909959,45148.0,-78732.0
617,2020-10-25,8691517,781558.0,125262.14285714286
616,2020-10-25,891160,-7800357.0,1483.5714285714287
1515,2020-10-26,7946429,7055269.0,-85420.28571428571
1516,2020-10-26,895326,-7051103.0,1218.0
1517,2020-10-26,8757665,7862339.0,18481.571428571428
1518,2020-10-27,7990322,-767343.0,17930.14285714286
1520,2020-10-27,8835937,845615.0,132282.57142857142
1519,2020-10-27,901268,-7934669.0,-1112892.7142857143
251,2020-10-28,8914583,8013315.0,1146203.2857142857
250,2020-10-28,906863,-8007720.0,-1005652.2857142857
249,2020-10-28,8040203,7133340.0,1020696.7142857143
253,2020-10-29,912811,-7127392.0,-1120693.4285714286
252,2020-10-29,8088851,7176040.0,14075.57142857143
254,2020-10-29,9006261,917410.0,24332.0
1300,2020-10-30,918811,-8087450.0,2506.1428571428573
1301,2020-10-30,9106715,8187904.0,27447.428571428572
1299,2020-10-30,8137119,-969596.0,1032893.7142857143
1296,2020-10-31,8184082,46963.0,20554.14285714286
1297,2020-10-31,924962,-7259120.0,1735.857142857143
1298,2020-10-31,9197551,8272589.0,158385.7142857143
1220,2020-11-01,9303326,105775.0,42437.857142857145
1219,2020-11-01,929392,-8373934.0,1511.5714285714287
1218,2020-11-01,8229313,7299921.0,-125343.14285714286
77,2020-11-02,9387308,1157995.0,178598.42857142858
75,2020-11-02,8267623,-1119685.0,11934.42857142857
76,2020-11-02,933155,-7334468.0,1170.4285714285713
74,2020-11-03,9515569,8582414.0,45431.142857142855
72,2020-11-03,8313876,-1201693.0,-141350.0
73,2020-11-03,938405,-7375471.0,1287.5714285714287
741,2020-11-04,8364086,7425681.0,19253.285714285714
743,2020-11-04,9619125,1255039.0,33116.71428571428
742,2020-11-04,943630,-8675495.0,-1046284.7142857143
744,2020-11-05,8411724,7468094.0,1068367.0
745,2020-11-05,949197,-7462527.0,-1223767.4285714286
746,2020-11-05,9749245,8800048.0,205052.7142857143
1426,2020-11-06,955128,-8794117.0,2389.0
1427,2020-11-06,9877338,8922210.0,216178.85714285713
1425,2020-11-06,8462080,-1415258.0,-165292.14285714287
1423,2020-11-07,961938,-7500142.0,2615.4285714285716
1422,2020-11-07,8507754,7545816.0,13718.57142857143
1424,2020-11-07,10009891,1502137.0,1294384.857142857
167,2020-11-08,10125271,115380.0,53718.0
166,2020-11-08,967825,-9157446.0,1813.857142857143
165,2020-11-08,8553657,7585832.0,-189097.2857142857
161,2020-11-09,10209674,1656017.0,249656.2857142857
160,2020-11-09,972785,-9236889.0,1549.5714285714287
159,2020-11-09,8591730,7618945.0,11996.57142857143
1600,2020-11-10,978531,-7613199.0,-1290194.2857142857
1601,2020-11-10,10354777,9376246.0,32786.57142857143
1599,2020-11-10,8636011,-1718766.0,1095455.142857143
1607,2020-11-11,10504265,1868254.0,278658.28571428574
1606,2020-11-11,986177,-9518088.0,-1317642.4285714286
1605,2020-11-11,8683916,7697739.0,1101590.142857143
470,2020-11-12,10666034,1982118.0,296329.14285714284
468,2020-11-12,8728795,-1937239.0,1107180.5714285714
469,2020-11-12,991835,-7736960.0,-1337563.142857143
466,2020-11-13,997393,5558.0,-1091231.142857143
467,2020-11-13,10847160,9849767.0,48985.0
465,2020-11-13,8773479,-2073681.0,1112471.7142857143
261,2020-11-14,8814579,41100.0,18666.14285714286
262,2020-11-14,1003253,-7811326.0,-1380397.2857142857
263,2020-11-14,11019445,10016192.0,327235.71428571426
264,2020-11-15,8845127,-2174318.0,1121898.857142857
265,2020-11-15,1006522,-7838605.0,1304.142857142857
266,2020-11-15,11157358,10150836.0,44314.0
1023,2020-11-16,8873541,-2283817.0,14294.57142857143
1024,2020-11-16,1009396,-7864145.0,-1115026.142857143
1025,2020-11-16,11316537,10307141.0,1473326.2857142857
1022,2020-11-17,11480700,164163.0,65893.57142857143
1020,2020-11-17,8912907,-2567793.0,9682.857142857143
1021,2020-11-17,1011153,-7901754.0,661.5714285714286
633,2020-11-18,8958483,7947330.0,-314125.0
634,2020-11-18,1015071,-7943412.0,-1122638.5714285714
635,2020-11-18,11654113,10639042.0,1520673.857142857
627,2020-11-19,9004365,-2649748.0,-330310.28571428574
628,2020-11-19,1019543,-7984822.0,-1494451.0
629,2020-11-19,11846014,10826471.0,419015.28571428574
330,2020-11-20,9050597,-2795417.0,1148492.0
331,2020-11-20,1025969,-8024628.0,-1133216.2857142857
332,2020-11-20,12047450,11021481.0,1576054.142857143
334,2020-11-21,1032688,-11014762.0,-1517346.4285714286
335,2020-11-21,12229486,11196798.0,460731.5714285714
333,2020-11-21,9095806,-3133680.0,1153751.857142857
885,2020-11-22,9139865,44059.0,-386592.71428571426
886,2020-11-22,1041875,-8097990.0,-1144103.142857143
887,2020-11-22,12376138,11334263.0,1621452.7142857143
883,2020-11-23,1049358,-11326780.0,-1571156.0
884,2020-11-23,12548086,11498728.0,1645056.857142857
882,2020-11-23,9177840,-3370246.0,-435949.4285714286
1480,2020-11-24,1060152,-8117688.0,-1147950.5714285714
1481,2020-11-24,12725321,11665169.0,512208.0
1479,2020-11-24,9222216,-3503105.0,1168620.142857143
1483,2020-11-25,1070487,-8151729.0,-1615093.0
1482,2020-11-25,9266705,8196218.0,1173906.7142857143
1484,2020-11-25,12910215,3643510.0,51732.71428571428
582,2020-11-26,9309787,-3600428.0,18849.571428571428
584,2020-11-26,13028602,3718815.0,1709778.5714285714
583,2020-11-26,1078594,-11950008.0,-1663818.142857143
580,2020-11-27,1090675,12081.0,-1161648.7142857143
579,2020-11-27,9351109,8260434.0,1182946.0
581,2020-11-27,13231626,3880517.0,566417.2857142857
974,2020-11-28,13390383,158757.0,68595.42857142857
972,2020-11-28,9392919,-3997464.0,11876.0
973,2020-11-28,1101403,-8291516.0,-1703885.5714285714
966,2020-11-29,9431691,8330288.0,1193299.5714285714
967,2020-11-29,1107071,-8324620.0,2342.285714285714
968,2020-11-29,13531227,12424156.0,597159.7142857143
749,2020-11-30,13686921,155694.0,65042.142857142855
748,2020-11-30,1113543,-12573378.0,-1753834.2857142857
747,2020-11-30,9462809,8349266.0,9984.285714285714
1240,2020-12-01,1122362,-8340447.0,2994.1428571428573
1241,2020-12-01,13880957,12758595.0,635609.4285714285
1239,2020-12-01,9499413,-4381544.0,1198906.0
766,2020-12-02,1133613,-8365800.0,-1771087.7142857143
767,2020-12-02,14085458,12951845.0,56933.857142857145
765,2020-12-02,9534964,-4550494.0,1203060.142857143
762,2020-12-03,9571559,36595.0,15535.714285714286
764,2020-12-03,14309618,4738059.0,1883893.7142857143
763,2020-12-03,1144643,-13164975.0,-1819473.4285714286
134,2020-12-04,14544933,13400290.0,720788.5714285715
132,2020-12-04,9608211,-4936722.0,1210656.857142857
133,2020-12-04,1156770,-8451441.0,-1846955.4285714286
137,2020-12-05,14766843,13610073.0,747411.2857142857
136,2020-12-05,1168395,-13598448.0,-1200452.0
135,2020-12-05,9644222,8475827.0,-666485.1428571428
1072,2020-12-06,1175850,-8468372.0,4458.142857142857
1073,2020-12-06,14946062,13770212.0,57304.142857142855
1071,2020-12-06,9677203,-5268859.0,9856.0
1068,2020-12-07,9703770,26567.0,1221000.0
1069,2020-12-07,1182249,-8521521.0,-1940656.2857142857
1070,2020-12-07,15136211,13953962.0,1995402.2857142857
678,2020-12-08,9735850,-5400361.0,13089.714285714286
679,2020-12-08,1193255,-8542595.0,2486.4285714285716
680,2020-12-08,15367161,14173906.0,60157.0
676,2020-12-09,1205229,-14161932.0,-1210282.0
675,2020-12-09,9767371,8562142.0,9085.857142857143
677,2020-12-09,15588301,5820930.0,2058007.4285714286
867,2020-12-10,9796744,-5791557.0,-762781.0
868,2020-12-10,1217126,-8579618.0,-1216960.5714285714
869,2020-12-10,15822977,14605851.0,2089960.2857142857
870,2020-12-11,9826775,-5996202.0,-791483.7142857143
871,2020-12-11,1229379,-8597396.0,3450.0
872,2020-12-11,16063233,14833854.0,899408.8571428572
339,2020-12-12,9857029,-6206204.0,-818753.1428571428
340,2020-12-12,1241436,-8615593.0,-1222186.857142857
341,2020-12-12,16285398,15043962.0,2152610.285714286
338,2020-12-13,16472103,186705.0,92732.28571428571
337,2020-12-13,1250044,-15222059.0,-1225247.2857142857
336,2020-12-13,9884100,8634056.0,1236388.7142857143
585,2020-12-14,9906165,22065.0,-879581.1428571428
586,2020-12-14,1255974,-8650191.0,-1228722.142857143
587,2020-12-14,16672734,15416760.0,2204471.1428571427
588,2020-12-15,9932547,-6740187.0,-907550.1428571428
589,2020-12-15,1267202,-8665345.0,-2172128.714285714
590,2020-12-15,16894785,15627583.0,2234963.0
1470,2020-12-16,9956557,-6938228.0,10351.0
1472,2020-12-16,17135476,7178919.0,1032758.7142857143
1471,2020-12-16,1277499,-15857977.0,3075.0
1469,2020-12-17,17372704,16095205.0,99995.71428571429
1468,2020-12-17,1289298,-16083406.0,-1234749.857142857
1467,2020-12-17,9979447,8690149.0,1244606.4285714286
204,2020-12-18,10004599,25152.0,-984312.2857142857
206,2020-12-18,17621665,7617066.0,1095015.4285714286
205,2020-12-18,1301546,-16320119.0,-2261990.0
201,2020-12-19,10031223,8729677.0,1250532.0
203,2020-12-19,17824236,7793013.0,64504.57142857143
202,2020-12-19,1313675,-16510561.0,3482.4285714285716
484,2020-12-20,1320545,6870.0,-1236986.0
483,2020-12-20,10055560,8735015.0,7280.142857142857
485,2020-12-20,18009585,7954025.0,55417.142857142855
486,2020-12-21,10075116,-7934469.0,1253367.142857143
487,2020-12-21,1325915,-8749201.0,-1243615.4285714286
488,2020-12-21,18199302,16873387.0,53580.857142857145
1594,2020-12-22,1338426,-16860876.0,3535.8571428571427
1593,2020-12-22,10099066,8760640.0,1254074.4285714286
1595,2020-12-22,18401274,8302208.0,1192244.857142857
1592,2020-12-23,18627057,225783.0,88210.28571428571
1591,2020-12-23,1350079,-17276978.0,-1246433.857142857
1590,2020-12-23,10123778,8773699.0,1256837.5714285714
1014,2020-12-24,10146845,23067.0,-1150351.0
1016,2020-12-24,18831945,8685100.0,2499074.1428571427
1015,2020-12-24,1362564,-17469381.0,-1248071.7142857143
1017,2020-12-25,10169118,8806554.0,-1176022.2857142857
1018,2020-12-25,1372243,-8796875.0,-2464973.4285714286
1019,2020-12-25,18940629,17568386.0,2512935.714285714
270,2020-12-26,10187850,-8752779.0,9153.142857142857
271,2020-12-26,1377217,-8810633.0,-1252804.0
272,2020-12-26,19159622,17782405.0,46811.0
268,2020-12-27,1383434,-17776188.0,2981.4285714285716
267,2020-12-27,10207871,8824437.0,5536.142857142857
269,2020-12-27,19314617,9106746.0,2563196.285714286
1542,2020-12-28,10224303,-9090314.0,-1245189.4285714286
1543,2020-12-28,1389430,-8834873.0,-1256917.142857143
1544,2020-12-28,19481303,18091873.0,2586298.0
1540,2020-12-29,1401529,-18079774.0,-2536870.4285714286
1539,2020-12-29,10244852,8843323.0,1265916.857142857
1541,2020-12-29,19683000,9438148.0,1353589.857142857
80,2020-12-30,19905929,222929.0,84473.14285714286
78,2020-12-30,10266674,-9639255.0,6053.0
79,2020-12-30,1413935,-8852739.0,3500.714285714286
82,2020-12-31,1426094,12159.0,-2579315.5714285714
81,2020-12-31,10286709,8860615.0,1269311.4285714286
83,2020-12-31,20164039,9877330.0,1417026.7142857143
1013,2021-01-01,20330292,166253.0,92470.28571428571
1011,2021-01-01,10305788,-10024504.0,-1371448.7142857143
1012,2021-01-01,1437185,-8868603.0,-1261355.5714285714
248,2021-01-02,20626175,19188990.0,2744605.714285714
246,2021-01-02,10323965,-10302210.0,1271124.4285714286
247,2021-01-02,1443544,-8880421.0,-1263309.2857142857
243,2021-01-03,10340469,8896925.0,-1403367.142857143
245,2021-01-03,20829825,10489356.0,71361.85714285714
244,2021-01-03,1448755,-19381070.0,-1265290.4285714286
490,2021-01-04,1455219,6464.0,2576.285714285714
489,2021-01-04,10356844,8901625.0,-1467047.2857142857
491,2021-01-04,21011493,10654649.0,1526789.7142857143
493,2021-01-05,1466490,-19545003.0,3278.0
494,2021-01-05,21242763,19776273.0,1557470.5714285714
492,2021-01-05,10374932,-10867831.0,-1493556.142857143
1618,2021-01-06,1479835,-8895097.0,4440.0
1617,2021-01-06,10395278,8915443.0,1277151.2857142857
1619,2021-01-06,21499648,11104370.0,1591829.142857143
1616,2021-01-07,21788279,288631.0,110969.42857142857
1615,2021-01-07,1493569,-20294710.0,3868.4285714285716
1614,2021-01-07,10413417,8919848.0,-1547049.4285714286
416,2021-01-08,22091766,11678349.0,1673833.4285714286
415,2021-01-08,1507931,-20583835.0,4013.714285714286
414,2021-01-08,10413417,8905486.0,2591.285714285714
412,2021-01-09,1524036,-8889381.0,-2853658.8571428573
413,2021-01-09,22351300,20827264.0,80431.57142857143
411,2021-01-09,10450284,-11901016.0,1279530.7142857143
1411,2021-01-10,1534039,-8916245.0,-1268482.5714285714
1412,2021-01-10,22564676,21030637.0,67558.57142857143
1410,2021-01-10,10466595,-12098081.0,1279809.142857143
1414,2021-01-11,1541633,-8924962.0,-1267397.7142857143
1415,2021-01-11,22775512,21233879.0,3035925.1428571427
1413,2021-01-11,10479179,-12296333.0,-1696017.2857142857
722,2021-01-12,22994414,12515235.0,1792018.5714285714
721,2021-01-12,1556028,-21438386.0,3141.285714285714
720,2021-01-12,10495147,8939119.0,-1724218.4285714286
718,2021-01-13,1571901,-8923246.0,-1270670.5714285714
719,2021-01-13,23224257,21652356.0,3097517.714285714
717,2021-01-13,10512093,-12712164.0,-1751917.0
84,2021-01-14,10527683,15590.0,6929.142857142857
86,2021-01-14,23462300,12934617.0,66840.85714285714
85,2021-01-14,1588369,-21873931.0,4620.142857142857
88,2021-01-15,1609735,21366.0,-1269344.5714285714
89,2021-01-15,23709326,22099591.0,3162489.285714286
87,2021-01-15,10542841,-13166485.0,-1811630.857142857
1238,2021-01-16,23917958,13375117.0,1915123.5714285714
1237,2021-01-16,1630258,-22287700.0,-1271060.7142857143
1236,2021-01-16,10557985,8927727.0,-1843473.5714285714
1235,2021-01-17,24094546,13536561.0,3215168.1428571427
1234,2021-01-17,1641428,-22453118.0,4527.571428571428
1233,2021-01-17,10571773,8930345.0,-1876793.2857142857
821,2021-01-18,24235618,13663845.0,1956111.0
820,2021-01-18,1649502,-22586116.0,-3181208.0
819,2021-01-18,10581823,8932321.0,1278795.0
817,2021-01-19,1668396,-8913427.0,-1269941.2857142857
816,2021-01-19,10595639,8927243.0,-1928415.2857142857
818,2021-01-19,24399905,13804266.0,3251211.0
103,2021-01-20,1688944,-22710961.0,-1268975.5714285714
104,2021-01-20,24585297,22896353.0,49954.142857142855
102,2021-01-20,10610883,-13974414.0,1280197.2857142857
105,2021-01-21,10625428,14545.0,6229.285714285715
107,2021-01-21,24777624,14152196.0,3301318.285714286
106,2021-01-21,1711283,-23066341.0,-1269193.7142857143
1066,2021-01-22,1732290,21007.0,-3238230.714285714
1067,2021-01-22,24967151,23234861.0,3325458.1428571427
1065,2021-01-22,10639684,-14327467.0,-1992230.4285714286
1062,2021-01-23,10654533,14849.0,6235.714285714285
1063,2021-01-23,1752347,-8902186.0,-1267583.0
1064,2021-01-23,25142014,23389667.0,52055.71428571428
1260,2021-01-24,10667736,-14474278.0,1279493.2857142857
1261,2021-01-24,1763219,-8904517.0,4418.428571428572
1262,2021-01-24,25279848,23516629.0,44671.0
1263,2021-01-25,10676838,-14603010.0,5307.714285714285
1264,2021-01-25,1771740,-8905098.0,-1268970.4285714286
1265,2021-01-25,25421966,23650226.0,3381374.1428571427
771,2021-01-26,10689527,-14732439.0,-2064641.0
772,2021-01-26,1788905,-8900622.0,-1268404.4285714286
773,2021-01-26,25566750,23777845.0,3400504.4285714286
768,2021-01-27,10701193,-14865557.0,-2082665.0
769,2021-01-27,1806849,-8894344.0,-1267141.2857142857
770,2021-01-27,25721887,23915038.0,3421449.5714285714
1174,2021-01-28,1825519,-23896368.0,-3370921.0
1175,2021-01-28,25889323,24063804.0,2171399.4285714286
1173,2021-01-28,10720048,-15169275.0,1275877.5714285714
1172,2021-01-29,26055170,15335122.0,69774.28571428571
1171,2021-01-29,1841893,-24213277.0,-1265614.2857142857
1170,2021-01-29,10733130,8891237.0,1275183.0
555,2021-01-30,10746174,13044.0,-2139387.5714285714
556,2021-01-30,1857230,-8888944.0,4530.142857142857
557,2021-01-30,26200854,24343624.0,44504.42857142857
558,2021-01-31,10757610,-15443244.0,5366.0
560,2021-01-31,26316283,15558673.0,37301.857142857145
559,2021-01-31,1864260,-24452023.0,3195.285714285714
1466,2021-02-01,26445651,24581391.0,2244645.8571428573
1464,2021-02-01,10766245,-15679406.0,2867.285714285714
1465,2021-02-01,1869708,-8896537.0,1782.5714285714287
572,2021-02-02,26559524,24689816.0,51238.57142857143
571,2021-02-02,1874092,-24685432.0,-1269074.0
570,2021-02-02,10777284,8903192.0,-2219857.0
567,2021-02-03,10790183,12899.0,1275131.857142857
568,2021-02-03,1886245,-8903938.0,-3508486.5714285714
569,2021-02-03,26682637,24796392.0,2273770.285714286
348,2021-02-04,10802591,-15880046.0,1276126.142857143
350,2021-02-04,26806565,16003974.0,35291.57142857143
349,2021-02-04,1886245,-24920320.0,1736.142857142857
353,2021-02-05,26938227,25051982.0,2308706.1428571427
351,2021-02-05,10814304,-16123923.0,3445.8571428571427
352,2021-02-05,1912871,-8901433.0,3803.714285714286
899,2021-02-06,27049180,25136309.0,52363.28571428572
898,2021-02-06,1926080,-25123100.0,-1268073.0
897,2021-02-06,10826363,8900283.0,-2282886.0
896,2021-02-07,27141063,16314700.0,3607831.1428571427
895,2021-02-07,1932145,-25208918.0,-3572297.4285714286
894,2021-02-07,10838194,8906049.0,3412.8571428571427
431,2021-02-08,27226073,16387879.0,3616171.714285714
430,2021-02-08,1936013,-25290060.0,-3587595.285714286
429,2021-02-08,10847304,8911291.0,1274460.5714285714
425,2021-02-09,27320668,16473364.0,2356329.285714286
423,2021-02-09,10858371,-16462297.0,-2326098.8571428573
424,2021-02-09,1946751,-8911620.0,2086.5714285714284
1053,2021-02-10,10871294,8924543.0,4728.571428571428
1055,2021-02-10,27416500,16545206.0,27203.85714285714
1054,2021-02-10,1957889,-25458611.0,3125.1428571428573
1060,2021-02-11,1968566,10677.0,-1268391.142857143
1059,2021-02-11,10880603,8912037.0,-2348580.714285714
1061,2021-02-11,27522803,16642200.0,2380633.1428571427
111,2021-02-12,10892746,-16630057.0,1277999.2857142857
113,2021-02-12,27622834,16730088.0,2393077.1428571427
112,2021-02-12,1978954,-25643880.0,-3633935.1428571427
108,2021-02-13,10904940,8925986.0,1278150.142857143
109,2021-02-13,1988695,-8916245.0,2875.5714285714284
110,2021-02-13,27711688,25722993.0,2404440.714285714
774,2021-02-14,10916589,-16795099.0,-2372316.285714286
775,2021-02-14,1992794,-8923795.0,-1271421.7142857143
776,2021-02-14,27778037,25785243.0,22171.85714285714
779,2021-02-15,27832680,54643.0,3693389.4285714286
777,2021-02-15,10925710,-16906970.0,2967.1428571428573
778,2021-02-15,1995892,-8929818.0,1028.142857142857
1259,2021-02-16,27891283,25895391.0,25656.428571428572
1258,2021-02-16,2004575,-25886708.0,-1273144.857142857
1257,2021-02-16,10937320,8932745.0,1277789.4285714286
1254,2021-02-17,10950201,12881.0,-2403976.5714285714
1255,2021-02-17,2013563,-8936638.0,-3688445.285714286
1256,2021-02-17,27961352,25947789.0,2433663.1428571427
36,2021-02-18,10963394,-16997958.0,1281071.7142857143
37,2021-02-18,2022662,-8940732.0,-3695517.285714286
38,2021-02-18,28032708,26010046.0,3718304.714285714
32,2021-02-19,28110894,78186.0,2453367.714285714
30,2021-02-19,10977387,-17133507.0,3883.714285714286
31,2021-02-19,2030491,-8946896.0,2418.285714285714
731,2021-02-20,28184301,26153810.0,31849.85714285714
730,2021-02-20,2038276,-26146025.0,-1275016.857142857
729,2021-02-20,10991651,8953375.0,1281284.142857143
734,2021-02-21,28242197,17250546.0,29927.0
733,2021-02-21,2041380,-26200817.0,-3724216.285714286
732,2021-02-21,11005850,8964470.0,4066.1428571428573
1409,2021-02-22,28297036,17291186.0,3752363.5714285714
1408,2021-02-22,2043632,-26253404.0,-3734381.285714286
1407,2021-02-22,11016434,8972802.0,1282594.0
1404,2021-02-23,11030176,13742.0,5503.571428571428
1405,2021-02-23,2052266,-8977910.0,-3741418.714285714
1406,2021-02-23,28369052,26316786.0,3761096.0
1228,2021-02-24,2060908,-26308144.0,-1277848.857142857
1227,2021-02-24,11046914,8986006.0,-2464303.1428571427
1229,2021-02-24,28444064,17397150.0,3771490.285714286
1232,2021-02-25,28522121,78057.0,2500812.4285714286
1231,2021-02-25,2069370,-26452751.0,-1280115.142857143
1230,2021-02-25,11063491,8994121.0,1287317.857142857
101,2021-02-26,28600856,17537365.0,33114.857142857145
100,2021-02-26,2076882,-26523974.0,2282.0
99,2021-02-26,11079979,9003097.0,4723.571428571428
98,2021-02-27,28666922,17586943.0,31836.85714285714
97,2021-02-27,2084128,-26582794.0,-3776856.1428571427
96,2021-02-27,11096731,9012603.0,1289623.0
1302,2021-02-28,11112241,15510.0,6964.285714285715
1304,2021-02-28,28718789,17606548.0,16847.571428571428
1303,2021-02-28,2086938,-26631851.0,1436.5714285714287
630,2021-03-01,11124527,9037589.0,6364.0
632,2021-03-01,28773278,17648751.0,15193.714285714286
631,2021-03-01,2089281,-26683997.0,736.1428571428571
1527,2021-03-02,11139516,9050235.0,6112.142857142857
1528,2021-03-02,2097194,-9042322.0,-1287863.857142857
1529,2021-03-02,28830345,26733151.0,15936.57142857143
1530,2021-03-03,11156923,-17673422.0,1295712.142857143
1532,2021-03-03,28897494,17740571.0,2538995.285714286
1531,2021-03-03,2104987,-26792507.0,-3809755.8571428573
932,2021-03-04,28966026,26861039.0,3839535.0
931,2021-03-04,2112508,-26853518.0,-1289572.5714285714
930,2021-03-04,11173761,9061253.0,1296652.4285714286
929,2021-03-05,29032891,17859130.0,28935.14285714286
928,2021-03-05,2119305,-26913586.0,-1291088.2857142857
927,2021-03-05,11192045,9072740.0,-2529349.8571428573
384,2021-03-06,11210799,18754.0,1300830.2857142857
385,2021-03-06,2125866,-9084933.0,-3834308.5714285714
386,2021-03-06,29092186,26966320.0,3854239.714285714
389,2021-03-07,29134252,42066.0,2565784.4285714286
388,2021-03-07,2128600,-27005652.0,-3843470.1428571427
387,2021-03-07,11229398,9100798.0,1301441.857142857
1596,2021-03-08,11244786,15388.0,7534.428571428572
1598,2021-03-08,29178564,17933778.0,2566823.5714285714
1597,2021-03-08,2130477,-27048087.0,658.7142857142857
1604,2021-03-09,29234370,27103893.0,20312.0
1602,2021-03-09,11262707,-17971663.0,-2553077.8571428573
1603,2021-03-09,2137884,-9124823.0,1326.2857142857142
170,2021-03-10,29292601,27154717.0,2580457.5714285714
168,2021-03-10,11285561,-18007040.0,5825.0
169,2021-03-10,2144486,-9141075.0,-3862011.1428571427
162,2021-03-11,11308846,9164360.0,1311195.5714285714
163,2021-03-11,2150955,-9157891.0,-3869059.285714286
164,2021-03-11,29355492,27204537.0,2584683.5714285714
1118,2021-03-12,29417565,62073.0,3897097.285714286
1116,2021-03-12,11333728,-18083837.0,-2565553.285714286
1117,2021-03-12,2157771,-9175957.0,-1303970.0
1119,2021-03-13,11359048,9201277.0,1316366.0
1120,2021-03-13,2163875,-9195173.0,-1306424.4285714286
1121,2021-03-13,29471157,27307282.0,3902886.0
1289,2021-03-14,29510009,38852.0,22073.85714285714
1288,2021-03-14,2166290,-27343719.0,-3893039.285714286
1287,2021-03-14,11385339,9219049.0,7373.0
1284,2021-03-15,11409831,24492.0,1321722.857142857
1285,2021-03-15,2167729,-9242102.0,-1313045.5714285714
1286,2021-03-15,29564777,27397048.0,3914414.5714285714
800,2021-03-16,29619158,54381.0,21143.0
799,2021-03-16,2169007,-27450151.0,-3905857.4285714286
798,2021-03-16,11438734,9269727.0,1324634.857142857
803,2021-03-17,29678645,18239911.0,2613329.4285714286
802,2021-03-17,2175462,-27503183.0,-1319195.5714285714
801,2021-03-17,11474605,9299143.0,1329553.7142857143
1213,2021-03-18,2182188,-9292417.0,-3911798.4285714286
1212,2021-03-18,11514331,9332143.0,-2586403.8571428573
1214,2021-03-18,29739170,18224839.0,3938594.714285714
1217,2021-03-19,29801235,62065.0,2623214.4285714286
1216,2021-03-19,2187910,-27613325.0,-3927247.8571428573
1215,2021-03-19,11555284,9367374.0,1339974.5714285714
1362,2021-03-20,11599130,43846.0,17789.285714285714
1363,2021-03-20,2193639,-9405491.0,1635.857142857143
1364,2021-03-20,29858257,27664618.0,2620560.8571428573
1359,2021-03-21,11646081,-18212176.0,-2584727.0
1361,2021-03-21,29893235,18247154.0,13142.857142857143
1360,2021-03-21,2195772,-27697463.0,1123.142857142857
683,2021-03-22,29942716,27746944.0,2626776.0
681,2021-03-22,11686796,-18255920.0,12523.714285714286
682,2021-03-22,2197160,-9489636.0,503.0
684,2021-03-23,11734058,9536898.0,-2589171.285714286
685,2021-03-23,2203041,-9531017.0,-1349005.7142857143
686,2021-03-23,29996015,27792974.0,14682.857142857143
22,2021-03-24,2208755,-27787260.0,1854.7142857142858
21,2021-03-24,11787534,9578779.0,-2593597.4285714286
23,2021-03-24,30083136,18295602.0,2628048.5714285714
18,2021-03-25,11846652,-18236484.0,1378498.857142857
19,2021-03-25,2214542,-9632110.0,-1359930.857142857
20,2021-03-25,30151112,27936570.0,3992581.5714285714
1160,2021-03-26,30228657,77545.0,33234.57142857143
1158,2021-03-26,11908910,-18319747.0,1385736.4285714286
1159,2021-03-26,2219845,-9689065.0,-1366812.7142857143
1163,2021-03-27,30290880,28071035.0,29677.714285714286
1161,2021-03-27,11971624,-18319256.0,17853.14285714286
1162,2021-03-27,2224904,-9746720.0,1480.2857142857142
752,2021-03-28,30337234,28112330.0,26588.85714285714
751,2021-03-28,2226550,-28110684.0,-4000301.0
750,2021-03-28,12039644,9813094.0,18676.285714285714
754,2021-03-29,2227843,-9811801.0,1142.5714285714287
753,2021-03-29,12095855,9868012.0,-2599289.285714286
755,2021-03-29,30404532,18308677.0,2633272.5714285714
971,2021-03-30,30465969,61437.0,4034437.8571428573
970,2021-03-30,2232910,-28233059.0,-4014903.4285714286
969,2021-03-30,12149335,9916425.0,1417540.7142857143
964,2021-03-31,2238887,-9910448.0,-1400108.142857143
963,2021-03-31,12221665,9982778.0,1427688.857142857
965,2021-03-31,30532941,18311276.0,2633869.4285714286
1129,2021-04-01,2244268,-28288673.0,-4022894.8571428573
1130,2021-04-01,30612130,28367862.0,20880.14285714286
1128,2021-04-01,12303131,-18308999.0,1438603.0
193,2021-04-02,2247357,-10055774.0,-1414568.2857142857
194,2021-04-02,30683979,28436622.0,4063584.5714285714
192,2021-04-02,12392260,-18291719.0,24370.714285714286
190,2021-04-03,2249195,-10143065.0,-4040535.1428571427
189,2021-04-03,12485509,10236314.0,1463034.4285714286
191,2021-04-03,30748226,18262717.0,19442.285714285714
823,2021-04-04,2250458,-28497768.0,-1436096.142857143
824,2021-04-04,30784580,28534122.0,4076746.1428571427
822,2021-04-04,12589067,-18195513.0,-2584987.4285714286
826,2021-04-05,2251705,-10337362.0,-1448650.7142857143
825,2021-04-05,12686049,10434344.0,1490979.142857143
827,2021-04-05,30858028,18171979.0,2624645.5714285714
1308,2021-04-06,12801785,-18056243.0,-2563777.285714286
1309,2021-04-06,2256509,-10545276.0,864.4285714285714
1310,2021-04-06,30919172,28662663.0,19227.428571428572
1305,2021-04-07,12928574,-17990598.0,48501.0
1306,2021-04-07,2261879,-10666695.0,1453.4285714285713
1307,2021-04-07,30994162,28732283.0,2615444.714285714
49,2021-04-08,2267019,-28727143.0,-4084429.8571428573
50,2021-04-08,31074414,28807395.0,2610375.5714285714
48,2021-04-08,13060542,-18013872.0,1543433.2857142857
46,2021-04-09,2272064,-10788478.0,-4092444.0
45,2021-04-09,13205926,10933862.0,39621.71428571428
47,2021-04-09,31158751,17952825.0,4128124.5714285714
1497,2021-04-10,13358805,-17799946.0,-2519336.714285714
1498,2021-04-10,2278420,-11080385.0,1628.7142857142858
1499,2021-04-10,31228045,28949625.0,21947.285714285714
1502,2021-04-11,31274488,46443.0,2601992.285714286
1500,2021-04-11,13527717,-17746771.0,1607950.4285714286
1501,2021-04-11,2280213,-11247504.0,-1560816.142857143
612,2021-04-12,13689453,11409240.0,-2495614.0
613,2021-04-12,2281840,-11407613.0,-1582423.5714285714
614,2021-04-12,31341447,29059607.0,4151861.0
609,2021-04-13,13873825,-17467622.0,-2479174.285714286
610,2021-04-13,2286352,-11587473.0,-4141162.285714286
611,2021-04-13,31420591,29134239.0,2556124.8571428573
360,2021-04-14,14074564,-17346027.0,1684907.2857142857
361,2021-04-14,2291246,-11783318.0,-1628315.2857142857
362,2021-04-14,31495907,29204661.0,4173438.1428571427
363,2021-04-15,14291917,-17203990.0,-2435647.1428571427
364,2021-04-15,2295435,-11996482.0,-1654055.7142857143
365,2021-04-15,31569817,29274382.0,4183352.1428571427
904,2021-04-16,2299939,-29269878.0,-4160093.1428571427
905,2021-04-16,31650195,29350256.0,2510804.4285714286
903,2021-04-16,14526609,-17123586.0,1747909.0
900,2021-04-17,14788003,261394.0,-2386843.4285714286
902,2021-04-17,31704357,16916354.0,2487491.4285714286
901,2021-04-17,2304096,-29400261.0,1237.2857142857142
504,2021-04-18,15061805,12757709.0,-2358287.4285714286
505,2021-04-18,2305602,-12756203.0,809.0
506,2021-04-18,31747241,29441639.0,13863.714285714286
501,2021-04-19,15320972,-16426269.0,113480.42857142857
502,2021-04-19,2306910,-13014062.0,-1783013.2857142857
503,2021-04-19,31813414,29506504.0,15579.57142857143
237,2021-04-20,15616130,-16197284.0,1901719.142857143
238,2021-04-20,2311172,-13304958.0,-1821519.0
239,2021-04-20,31874335,29563163.0,4224104.714285715
241,2021-04-21,2315811,-29558524.0,-4204490.0
242,2021-04-21,31938159,29622348.0,2373883.8571428573
240,2021-04-21,15930774,-16007385.0,1946266.2857142857
986,2021-04-22,32005149,16074375.0,27390.714285714286
985,2021-04-22,2319519,-29685630.0,-1899515.857142857
984,2021-04-22,16263695,13944176.0,1993217.5714285714
982,2021-04-23,2323430,-13940265.0,-4221557.857142857
983,2021-04-23,32067529,29744099.0,4250245.428571428
981,2021-04-23,16610481,-15457048.0,-2189668.285714286
1568,2021-04-24,32121722,15511241.0,2312992.5714285714
1567,2021-04-24,2326738,-29794984.0,-4239773.0
1566,2021-04-24,16960172,14633434.0,2091521.857142857
1571,2021-04-25,32155696,15195524.0,2270285.8571428573
1569,2021-04-25,17313163,-14842533.0,2141390.4285714286
1570,2021-04-25,2328391,-14984772.0,-4248448.285714285
446,2021-04-26,32201356,29872965.0,2227267.8571428573
445,2021-04-26,2329534,-29871822.0,-4256026.857142857
444,2021-04-26,17636186,15306652.0,2187064.0
441,2021-04-27,17997113,360927.0,148134.42857142858
442,2021-04-27,2333126,-15663987.0,-4260367.142857143
443,2021-04-27,32252090,29918964.0,2134132.4285714286
854,2021-04-28,32307183,55093.0,4282684.571428572
853,2021-04-28,2336944,-29970239.0,-4266344.571428572
852,2021-04-28,18376421,16039477.0,2292412.4285714286
850,2021-04-29,2340934,-16035487.0,-2185036.0
849,2021-04-29,18762976,16422042.0,109409.0
851,2021-04-29,32366097,13603121.0,4290424.428571428
660,2021-04-30,19164969,-13201128.0,-1869588.7142857143
661,2021-04-30,2344755,-16820214.0,-4280346.857142857
662,2021-04-30,32424257,30079502.0,4298187.571428572
145,2021-05-01,2347780,-30076477.0,-2289805.8571428573
144,2021-05-01,19557457,17209677.0,2459503.285714286
146,2021-05-01,32470917,12913460.0,1958277.2857142857
1081,2021-05-02,2348873,-30122044.0,-4288174.857142857
1080,2021-05-02,19925517,17576644.0,108649.71428571429
1082,2021-05-02,32500979,12575462.0,4308032.0
1083,2021-05-03,20282833,-12218146.0,-1734489.142857143
1084,2021-05-03,2349900,-17932933.0,302.85714285714283
1085,2021-05-03,32549750,30199850.0,1856041.857142857
1281,2021-05-04,20664979,-11884771.0,-1686562.5714285714
1282,2021-05-04,2352964,-18312015.0,584.4285714285714
1283,2021-05-04,32590550,30237586.0,1809290.4285714286
1278,2021-05-05,21077410,-11513140.0,-1631938.4285714286
1280,2021-05-05,32636252,11558842.0,1764774.142857143
1279,2021-05-05,2355985,-30280267.0,869.2857142857143
793,2021-05-06,2358831,2846.0,-4312988.428571428
794,2021-05-06,32683207,30324376.0,1716889.7142857143
792,2021-05-06,21491598,-11191609.0,2734090.5714285714
795,2021-05-07,21892676,401078.0,-1528267.7142857143
796,2021-05-07,2361874,-19530802.0,-2673648.0
797,2021-05-07,32731314,30369440.0,13580.285714285714
1154,2021-05-08,32765833,34519.0,4344264.0
1152,2021-05-08,22296081,-10469752.0,2848178.5714285714
1153,2021-05-08,2364617,-19931464.0,-4331227.142857143
1155,2021-05-09,22662575,20297958.0,167282.42857142858
1156,2021-05-09,2365792,-20296783.0,-2789554.8571428573
1157,2021-05-09,32787933,30422141.0,4346579.857142857
542,2021-05-10,32823085,35152.0,13110.142857142857
541,2021-05-10,2366496,-30456589.0,-4342762.428571428
540,2021-05-10,22992517,20626021.0,99490.85714285714
537,2021-05-11,23340938,348421.0,2996617.285714286
538,2021-05-11,2368393,-20972545.0,-2899168.8571428573
539,2021-05-11,32857148,30488755.0,4355908.0
1429,2021-05-12,2371483,-30485665.0,-4345207.142857143
1428,2021-05-12,23703665,21332182.0,-1302774.2857142857
1430,2021-05-12,32893341,9189676.0,4360977.857142857
1431,2021-05-13,24046809,-8846532.0,150613.14285714287
1433,2021-05-13,32931870,8885061.0,1370133.142857143
1432,2021-05-13,2375115,-30556755.0,960.2857142857143
860,2021-05-14,32973734,30598619.0,16655.14285714286
858,2021-05-14,24372907,-8600827.0,3143060.5714285714
859,2021-05-14,2377995,-21994912.0,-3046524.285714286
857,2021-05-15,33003344,30625349.0,15714.714285714286
856,2021-05-15,2380690,-30622654.0,-3095159.8571428573
855,2021-05-15,24684077,22303387.0,-1178256.142857143
320,2021-05-16,33020785,8336708.0,4377952.857142857
319,2021-05-16,2381923,-30638862.0,-4370258.714285715
318,2021-05-16,24965463,22583540.0,84650.85714285714
323,2021-05-17,33048554,8083091.0,4381508.428571428
321,2021-05-17,25228996,-7819558.0,-1110621.142857143
322,2021-05-17,2382745,-22846251.0,293.57142857142856
1585,2021-05-18,2385512,2767.0,-3185509.285714286
1586,2021-05-18,33076351,30690839.0,7938.0
1584,2021-05-18,25496330,-7580021.0,3302058.1428571427
1587,2021-05-19,25772440,276110.0,115282.42857142857
1589,2021-05-19,33105858,7333418.0,8186.285714285715
1588,2021-05-19,2387512,-30718346.0,-3263069.1428571427
1031,2021-05-20,33135702,30748190.0,4393279.571428572
1030,2021-05-20,2390140,-30745562.0,661.1428571428571
1029,2021-05-20,26031991,23641851.0,-1006337.1428571428
1028,2021-05-21,33164253,7132262.0,1095417.5714285714
1027,2021-05-21,2392744,-30771509.0,-3339956.5714285714
1026,2021-05-21,26289290,23896546.0,-973795.4285714285
285,2021-05-22,26530132,240842.0,3448945.714285714
286,2021-05-22,2395330,-24134802.0,-4391481.714285715
287,2021-05-22,33184827,30789497.0,4399241.0
289,2021-05-23,2396604,-30788223.0,-3376483.8571428573
290,2021-05-23,33198299,30801695.0,4863.714285714285
288,2021-05-23,26752447,-6445852.0,3479957.5714285714
522,2021-05-24,26948874,196427.0,94226.28571428571
523,2021-05-24,2397307,-24551567.0,-3447546.4285714286
524,2021-05-24,33222742,30825435.0,4403916.0
519,2021-05-25,27157795,-6064947.0,-861004.5714285715
520,2021-05-25,2399790,-24758005.0,455.14285714285717
521,2021-05-25,33245832,30846042.0,6790.428571428572
1637,2021-05-26,33270365,24533.0,931131.1428571428
1636,2021-05-26,2402722,-30867643.0,-3506593.1428571427
1635,2021-05-26,27369093,24966371.0,3567398.0
1638,2021-05-27,27555457,186364.0,-809612.1428571428
1639,2021-05-27,2405772,-25149685.0,-3536003.285714286
1640,2021-05-27,33297514,30891742.0,4413960.571428572
366,2021-05-28,27729247,-5568267.0,-788083.5714285715
367,2021-05-28,2408778,-25320469.0,-4408798.142857143
368,2021-05-28,33319437,30910659.0,4416673.571428572
371,2021-05-29,33332055,12618.0,851851.7142857143
369,2021-05-29,27894800,-5437255.0,48477.57142857143
370,2021-05-29,2411503,-25483297.0,818.7142857142857
1376,2021-05-30,33339027,30927524.0,5930.428571428572
1375,2021-05-30,2412810,-30926217.0,-3616633.8571428573
1374,2021-05-30,28047534,25634724.0,3662679.4285714286
1373,2021-05-31,33345042,5297508.0,3657.8571428571427
1372,2021-05-31,2413742,-30931300.0,-4416901.857142857
1371,2021-05-31,28175044,25761302.0,40034.857142857145
698,2021-06-01,33366838,5191794.0,4422190.714285715
697,2021-06-01,2420659,-30946179.0,-4416909.714285715
696,2021-06-01,28307832,25887173.0,3699288.8571428573
1378,2021-06-02,2423928,-25883904.0,-3660515.1428571427
1379,2021-06-02,33384034,30960106.0,5570.285714285715
1377,2021-06-02,28441986,-4942048.0,3718320.5714285714
1382,2021-06-03,33403139,4961153.0,746870.7142857143
1381,2021-06-03,2426822,-30976317.0,-4420002.285714285
1380,2021-06-03,28574350,26147528.0,3736241.5714285714
1204,2021-06-04,2429631,-26144719.0,-3696885.8571428573
1203,2021-06-04,28694879,26265248.0,3752993.0
1205,2021-06-04,33420273,4725394.0,5177.0
1200,2021-06-05,28809339,-4610934.0,52479.0
1202,2021-06-05,33434879,4625540.0,4534.285714285715
1201,2021-06-05,2431702,-31003177.0,697.1428571428571
62,2021-06-06,33440630,31008928.0,695182.8571428572
61,2021-06-06,2433681,-31006949.0,578.5714285714286
60,2021-06-06,28909975,26476294.0,30728.0
65,2021-06-07,33455532,4545557.0,5037.0
64,2021-06-07,2434562,-31020970.0,-3767825.285714286
63,2021-06-07,28996473,26561911.0,-634058.0
1312,2021-06-08,2438011,-26558462.0,901.2857142857143
1311,2021-06-08,29089069,26651058.0,-621651.5714285715
1313,2021-06-08,33468614,4379545.0,4433561.857142857
1320,2021-06-09,29182532,-4286082.0,38936.71428571428
1321,2021-06-09,2441866,-26740666.0,-4430523.714285715
1322,2021-06-09,33487603,31045737.0,4436148.714285715
280,2021-06-10,2445538,-31042065.0,-3792990.714285714
281,2021-06-10,33501967,31056429.0,4437708.0
279,2021-06-10,29274823,-4227144.0,26536.285714285714
276,2021-06-11,29359155,84332.0,-587065.5714285715
277,2021-06-11,2448820,-26910335.0,-3819101.714285714
278,2021-06-11,33526801,31077981.0,4440705.0
1038,2021-06-12,29439989,-4086812.0,-578230.5714285715
1040,2021-06-12,33535565,4095576.0,4441432.428571428
1039,2021-06-12,2452469,-31083096.0,-4435642.571428572
1041,2021-06-13,29510410,27057941.0,33655.28571428572
1042,2021-06-13,2454176,-27056234.0,-3843568.4285714286
1043,2021-06-13,33540829,31086653.0,4441715.571428572
1644,2021-06-14,29570881,-3969948.0,-565131.4285714285
1646,2021-06-14,33552973,3982092.0,587569.1428571428
1645,2021-06-14,2455351,-31097622.0,-4440030.571428572
1641,2021-06-15,29633105,27177754.0,3882948.0
1643,2021-06-15,33563871,3930766.0,579065.8571428572
1642,2021-06-15,2459601,-31104270.0,775.0
515,2021-06-16,33576446,31116845.0,5088.142857142857
513,2021-06-16,29700313,-3876133.0,18490.285714285714
514,2021-06-16,2463390,-27236923.0,-4441369.0
516,2021-06-17,29762793,27299403.0,3901063.1428571427
517,2021-06-17,2467643,-27295150.0,-3880780.285714286
518,2021-06-17,33587069,31119426.0,3314.0
921,2021-06-18,29823546,-3763523.0,3909135.0
922,2021-06-18,2471741,-27351805.0,-4443529.285714285
923,2021-06-18,33608434,31136693.0,558303.0
926,2021-06-19,33616942,8508.0,4450507.428571428
925,2021-06-19,2471741,-31145201.0,-3898721.714285714
924,2021-06-19,29881772,27410031.0,3916304.1428571427
1437,2021-06-20,29935221,53449.0,-521692.5714285714
1438,2021-06-20,2477283,-27457938.0,-3906609.0
1439,2021-06-20,33621444,31144161.0,4449957.571428572
1435,2021-06-21,2478551,-31142893.0,-4447126.142857143
1434,2021-06-21,29977861,27499310.0,-519868.71428571426
1436,2021-06-21,33633035,3655174.0,4451613.428571428
526,2021-06-22,2482784,-31150251.0,-3914141.1428571427
525,2021-06-22,30028709,27545925.0,13355.42857142857
527,2021-06-22,33643900,3615191.0,4452373.857142857
528,2021-06-23,30082778,-3561122.0,-505523.71428571426
529,2021-06-23,2487747,-27595031.0,1313.7142857142858
530,2021-06-23,33657057,31169310.0,525599.4285714285
317,2021-06-24,33670719,13662.0,5383.428571428572
316,2021-06-24,2493087,-31177632.0,1471.857142857143
315,2021-06-24,30134445,27641358.0,15105.142857142857
312,2021-06-25,30183143,48698.0,-494393.85714285716
313,2021-06-25,2498357,-27684786.0,-3940631.5714285714
314,2021-06-25,33695053,31196696.0,4458186.571428572
863,2021-06-26,33703766,8713.0,6672.714285714285
862,2021-06-26,2503408,-31200358.0,-4452473.0
861,2021-06-26,30233183,27729775.0,3962870.8571428573
864,2021-06-27,30279331,46148.0,20698.0
865,2021-06-27,2505792,-27773539.0,-3953907.285714286
866,2021-06-27,33708078,31202286.0,4458531.571428572
447,2021-06-28,30316897,-3391181.0,-482593.71428571426
448,2021-06-28,2507453,-27809444.0,-4456616.142857143
449,2021-06-28,33722614,31215161.0,4459886.571428572
456,2021-06-29,30362848,-3359766.0,18523.571428571428
457,2021-06-29,2513164,-27849684.0,-3966595.285714286
458,2021-06-29,33729397,31216233.0,4460515.0
1089,2021-06-30,30411634,-3317763.0,-470920.5714285714
1091,2021-06-30,33745720,3334086.0,489831.85714285716
1090,2021-06-30,2519269,-31226451.0,1688.0
1344,2021-07-01,30458251,27938982.0,-466337.5714285714
1345,2021-07-01,2525350,-27932901.0,-3976785.4285714286
1346,2021-07-01,33760098,31234748.0,4463847.714285715
657,2021-07-02,30502362,-3257736.0,-461005.0
658,2021-07-02,2531192,-27971170.0,-3982920.285714286
659,2021-07-02,33789477,31258285.0,6251.0
655,2021-07-03,2537457,-31252020.0,2598.285714285714
656,2021-07-03,33794190,31256733.0,476562.71428571426
654,2021-07-03,30545433,-3248757.0,4002869.0
0,2021-07-04,30585229,39796.0,-453552.71428571426
2,2021-07-04,33798014,3212785.0,470807.4285714286
1,2021-07-04,2540068,-31257946.0,1268.0
4,2021-07-05,2541873,1805.0,-4463943.428571428
3,2021-07-05,30619932,28078059.0,4011782.1428571427
5,2021-07-05,33806849,3186917.0,1808.4285714285713
1142,2021-07-06,33830260,23411.0,469261.0
1141,2021-07-06,2549862,-31280398.0,-4005052.4285714286
1140,2021-07-06,30663665,28113803.0,-447764.14285714284
1139,2021-07-07,33852894,3189229.0,4473260.857142857
1138,2021-07-07,2558369,-31294525.0,2356.5714285714284
1137,2021-07-07,30709557,28151188.0,12803.57142857143
791,2021-07-08,33871923,3162366.0,9296.285714285714
790,2021-07-08,2567821,-31304102.0,-4466062.714285715
789,2021-07-08,30752950,28185129.0,4029012.5714285714
782,2021-07-09,33919412,3166462.0,465106.71428571426
781,2021-07-09,2577140,-31342272.0,-4467964.857142857
780,2021-07-09,30795716,28218576.0,4033906.714285714
992,2021-07-10,33927832,3132116.0,459753.5714285714
991,2021-07-10,2586721,-31341111.0,-4469314.571428572
990,2021-07-10,30837222,28250501.0,4038485.8571428573
995,2021-07-11,33938985,3101763.0,455147.85714285716
994,2021-07-11,2590500,-31348485.0,-4475558.857142857
993,2021-07-11,30874376,28283876.0,4042462.285714286
230,2021-07-12,33972600,3098224.0,453840.5714285714
228,2021-07-12,30907282,-3065318.0,-431507.14285714284
229,2021-07-12,2593574,-28313708.0,979.0
227,2021-07-13,33998992,31405418.0,451681.4285714286
226,2021-07-13,2604711,-31394281.0,-4476324.857142857
225,2021-07-13,30946147,28341436.0,4050806.714285714
435,2021-07-14,30987880,41733.0,16214.857142857143
436,2021-07-14,2616827,-28371053.0,-4479396.142857143
437,2021-07-14,34032162,31415335.0,446411.4285714286
439,2021-07-15,2629648,-31402514.0,5153.428571428572
438,2021-07-15,31026829,28397181.0,-424594.71428571426
440,2021-07-15,34062069,3035240.0,4493908.285714285
1577,2021-07-16,34139548,77479.0,456200.14285714284
1575,2021-07-16,31064908,-3074640.0,11004.0
1576,2021-07-16,2642068,-28422840.0,3605.8571428571427
1574,2021-07-17,34151434,31509366.0,17038.85714285714
1573,2021-07-17,2654699,-31496735.0,3578.714285714286
1572,2021-07-17,31106065,28451366.0,11319.42857142857
301,2021-07-18,2659137,-28446928.0,-4486133.142857143
300,2021-07-18,31144229,28485092.0,-427902.71428571426
302,2021-07-18,34171409,3027180.0,443785.85714285716
298,2021-07-19,2664444,-31506965.0,3196.5714285714284
297,2021-07-19,31174322,28509878.0,-425301.71428571426
299,2021-07-19,34223530,3049208.0,4509833.0
605,2021-07-20,34264102,40572.0,451148.14285714284
604,2021-07-20,2678297,-31585805.0,2737.1428571428573
603,2021-07-20,31216337,28538040.0,10301.142857142857
607,2021-07-21,2693495,-28522842.0,-4496844.857142857
608,2021-07-21,34314688,31621193.0,4521463.428571428
606,2021-07-21,31257720,-3056968.0,11914.0
1514,2021-07-22,34369354,3111634.0,20832.0
1512,2021-07-22,31293062,-3076292.0,-424434.28571428574
1513,2021-07-22,2709739,-28583323.0,4491.714285714285
1509,2021-07-23,31332159,28622420.0,16546.0
1510,2021-07-23,2726160,-28605999.0,4666.428571428572
1511,2021-07-23,34488750,31762590.0,24866.0
908,2021-07-24,34513930,25180.0,465172.85714285716
907,2021-07-24,2741983,-31771947.0,-4518195.857142857
906,2021-07-24,31371901,28629918.0,11262.714285714286
911,2021-07-25,34539564,3167663.0,4547117.857142857
910,2021-07-25,2748518,-31791046.0,-4083377.285714286
909,2021-07-25,31411262,28662744.0,4097871.714285714
357,2021-07-26,31440951,29689.0,-435399.85714285716
358,2021-07-26,2754438,-28686513.0,-4537070.285714285
359,2021-07-26,34626086,31871648.0,4554871.857142857
356,2021-07-27,34694822,68736.0,474703.0
354,2021-07-27,31484605,-3210217.0,-436422.71428571426
355,2021-07-27,2771846,-28712759.0,3332.5714285714284
1634,2021-07-28,34764252,31992406.0,478998.5714285714
1632,2021-07-28,31528114,-3236138.0,12451.857142857143
1633,2021-07-28,2790874,-28737240.0,5205.142857142857
1626,2021-07-29,31572344,28781470.0,-436248.85714285716
1627,2021-07-29,2810097,-28762247.0,-4554960.714285715
1628,2021-07-29,34843539,32033442.0,479847.71428571426
181,2021-07-30,2829443,-32014096.0,8228.142857142857
182,2021-07-30,35031610,32202167.0,38194.0
180,2021-07-30,31613993,-3417617.0,12268.42857142857
183,2021-07-31,31655824,41831.0,4123564.285714286
184,2021-07-31,2848252,-28807572.0,-4103441.714285714
185,2021-07-31,35064270,32216018.0,4607739.0
919,2021-08-01,2854992,-32209278.0,-4569792.428571428
920,2021-08-01,35107206,32252214.0,4611109.0
918,2021-08-01,31695958,-3411248.0,-476521.71428571426
378,2021-08-02,31726507,30549.0,16073.42857142857
379,2021-08-02,2861498,-28865009.0,-4113475.1428571427
380,2021-08-02,35227423,32365925.0,4625595.857142857
381,2021-08-03,31769132,-3458291.0,-470734.0
382,2021-08-03,2880409,-28888723.0,3631.0
383,2021-08-03,35330623,32450214.0,31916.714285714286
602,2021-08-04,35427293,96670.0,533047.8571428572
601,2021-08-04,2901094,-32526199.0,-4117916.1428571427
600,2021-08-04,31812114,28911020.0,4135802.285714286
599,2021-08-05,35538203,3726089.0,44397.142857142855
598,2021-08-05,2922663,-32615540.0,-4120924.1428571427
597,2021-08-05,31856757,28934094.0,4139478.285714286
1493,2021-08-06,35793497,3936740.0,66124.85714285714
1492,2021-08-06,2944226,-32849271.0,-4640438.142857143
1491,2021-08-06,31895385,28951159.0,4142041.5714285714
1494,2021-08-07,31934455,39070.0,17477.285714285714
1495,2021-08-07,2964244,-28970211.0,-4653422.714285715
1496,2021-08-07,35842578,32878334.0,4702845.0
273,2021-08-08,31969954,-3872624.0,16171.0
274,2021-08-08,2971817,-28998137.0,-4688811.428571428
275,2021-08-08,35870455,32898638.0,4703747.0
282,2021-08-09,31998158,-3872297.0,14681.857142857143
284,2021-08-09,36050191,4052033.0,587962.2857142857
283,2021-08-09,2978330,-33071861.0,2012.2857142857142
1319,2021-08-10,36171399,33193069.0,46974.42857142857
1318,2021-08-10,2997885,-33173514.0,-4138867.0
1317,2021-08-10,32036511,29038626.0,4152099.1428571427
1314,2021-08-11,32077706,41195.0,-541821.2857142857
1315,2021-08-11,3020596,-29057110.0,-4139651.714285714
1316,2021-08-11,36327654,33307058.0,39637.57142857143
830,2021-08-12,36469848,142194.0,4784502.571428572
828,2021-08-12,32117826,-4352022.0,-579081.8571428572
829,2021-08-12,3045571,-29072255.0,6812.285714285715
833,2021-08-13,36699692,33654121.0,666168.7142857143
832,2021-08-13,3068329,-33631363.0,-4144196.714285714
831,2021-08-13,32156493,29088164.0,4162271.0
176,2021-08-14,36749122,4592629.0,60209.71428571428
175,2021-08-14,3091971,-33657151.0,-4768268.142857143
174,2021-08-14,32192576,29100605.0,10678.57142857143
172,2021-08-15,3091971,-29100605.0,6628.571428571428
171,2021-08-15,32225513,29133542.0,-639168.4285714285
173,2021-08-15,36791187,4565674.0,4817551.142857143
1122,2021-08-16,32250679,-4540508.0,13455.142857142857
1124,2021-08-16,37010615,4759936.0,37356.142857142855
1123,2021-08-16,3108438,-33902177.0,2352.4285714285716
1125,2021-08-17,32285857,29177419.0,13325.857142857143
1126,2021-08-17,3123252,-29162605.0,4468.714285714285
1127,2021-08-17,37163415,34040163.0,705414.5714285715
699,2021-08-18,32322258,-4841157.0,-638418.4285714285
700,2021-08-18,3152205,-29170053.0,-4156924.8571428573
701,2021-08-18,37322014,34169809.0,44485.57142857143
703,2021-08-19,3175374,-34146640.0,9562.285714285714
702,2021-08-19,32358829,29183455.0,10424.57142857143
704,2021-08-19,37479239,5120410.0,4907998.142857143
17,2021-08-20,37724906,245667.0,80213.0
16,2021-08-20,3197108,-34527798.0,-4160735.714285714
15,2021-08-20,32393286,29196178.0,4177297.285714286
12,2021-08-21,32424234,30948.0,-699682.8571428572
13,2021-08-21,3217415,-29206819.0,6005.857142857143
14,2021-08-21,37791423,34574008.0,776084.8571428572
1148,2021-08-22,37827790,36367.0,49793.0
1146,2021-08-22,32449306,-5378484.0,-753657.1428571428
1147,2021-08-22,3225073,-29224233.0,3995.0
1149,2021-08-23,32474773,29249700.0,11641.0
1151,2021-08-23,38065190,5590417.0,805850.8571428572
1150,2021-08-23,3231616,-34833574.0,2028.7142857142858
1335,2021-08-24,32512366,29280750.0,-754151.0
1336,2021-08-24,3249878,-29262488.0,-4939701.714285715
1337,2021-08-24,38222308,34972430.0,824714.5714285715
1332,2021-08-25,32558530,-5663778.0,4190493.8571428573
1333,2021-08-25,3271128,-29287402.0,-4171949.285714286
1334,2021-08-25,38391732,35120604.0,46648.857142857145
650,2021-08-26,38576172,184440.0,5049222.285714285
648,2021-08-26,32603188,-5972984.0,12974.57142857143
649,2021-08-26,3291761,-29311427.0,5983.285714285715
652,2021-08-27,3311317,19556.0,-4987284.428571428
651,2021-08-27,32649947,29338630.0,13059.57142857143
653,2021-08-27,38819716,6169769.0,5078369.714285715
1087,2021-08-28,3328863,-35490853.0,-5008981.285714285
1086,2021-08-28,32695030,29366167.0,-840163.1428571428
1088,2021-08-28,38880969,6185939.0,896825.8571428572
1092,2021-08-29,32737939,-6143030.0,4206596.857142857
1093,2021-08-29,3335700,-29402239.0,3483.285714285714
1094,2021-08-29,38923284,35587584.0,896191.0
453,2021-08-30,32768880,-6154404.0,-864405.1428571428
455,2021-08-30,39182561,6413681.0,5121956.857142857
454,2021-08-30,3341264,-35841297.0,-4193395.1428571427
452,2021-08-31,39353834,36012570.0,67552.14285714286
451,2021-08-31,3352410,-36001424.0,-4197932.714285715
450,2021-08-31,32810845,29458435.0,4210735.0
303,2021-09-01,32857937,47092.0,-866478.1428571428
304,2021-09-01,3369747,-29488190.0,-4199876.142857143
305,2021-09-01,39556084,36186337.0,53360.42857142857
841,2021-09-02,3387885,-36168199.0,6660.142857142857
842,2021-09-02,39731162,36343277.0,53904.0
840,2021-09-02,32903289,-6827873.0,4221554.142857143
839,2021-09-03,39966757,7063468.0,1022273.1428571428
837,2021-09-03,32945907,-7020850.0,12567.142857142857
838,2021-09-03,3405294,-29540613.0,5078.142857142857
1442,2021-09-04,40036141,36630847.0,68579.57142857143
1440,2021-09-04,32988673,-7047468.0,4228684.0
1441,2021-09-04,3420880,-29567793.0,-5187183.142857143
1444,2021-09-05,3428384,7504.0,-4210700.714285715
1445,2021-09-05,40080097,36651713.0,16191.42857142857
1443,2021-09-05,33027621,-7052476.0,11673.42857142857
548,2021-09-06,40158154,7130533.0,5250408.571428572
547,2021-09-06,3433511,-36724643.0,-5228947.142857143
546,2021-09-06,33058843,29625332.0,10024.285714285714
543,2021-09-07,33096718,37875.0,4239405.428571428
545,2021-09-07,40423580,7326862.0,5285028.0
544,2021-09-07,3449295,-36974285.0,-5232971.714285715
996,2021-09-08,33139981,29690686.0,16051.42857142857
998,2021-09-08,40606607,7466626.0,64064.71428571428
997,2021-09-08,3465171,-37141436.0,4522.857142857143
989,2021-09-09,40766736,37301565.0,1101127.5714285714
988,2021-09-09,3479999,-37286737.0,-4230959.857142857
987,2021-09-09,33174954,29694955.0,-1035518.0
783,2021-09-10,33208330,33376.0,4251290.714285715
784,2021-09-10,3479999,-29728331.0,-4237140.285714285
785,2021-09-10,40994961,37514962.0,55479.142857142855
787,2021-09-11,3506743,-37488218.0,5938.857142857143
788,2021-09-11,41064168,37557425.0,42490.28571428572
786,2021-09-11,33236921,-7827247.0,4250988.857142857
1277,2021-09-12,41103960,7867039.0,1132715.142857143
1276,2021-09-12,3511882,-37592078.0,-4242349.714285715
1275,2021-09-12,33264175,29752293.0,4254882.285714285
1273,2021-09-13,3516043,-29748132.0,-5354131.142857143
1272,2021-09-13,33289579,29773536.0,4254690.857142857
1274,2021-09-13,41356020,8066441.0,41693.142857142855
1097,2021-09-14,41502216,146196.0,1180756.4285714286
1096,2021-09-14,3528972,-37973244.0,-5367855.428571428
1095,2021-09-14,33316755,29787783.0,4257839.0
1100,2021-09-15,41672793,8356038.0,1201231.142857143
1098,2021-09-15,33347325,-8325468.0,4261611.714285715
1099,2021-09-15,3542189,-29805136.0,-4249627.142857143
152,2021-09-16,41828301,38286112.0,67468.71428571429
151,2021-09-16,3549229,-38279072.0,-5421855.285714285
150,2021-09-16,33381728,29832499.0,4264679.428571428
149,2021-09-17,42037171,8655443.0,1245773.7142857143
148,2021-09-17,3552983,-38484188.0,-5445687.142857143
147,2021-09-17,33417390,29864407.0,10009.285714285714
1341,2021-09-18,33448163,30773.0,4272282.0
1343,2021-09-18,42097644,8649481.0,38477.57142857143
1342,2021-09-18,3552983,-38544661.0,536.2857142857143
1338,2021-09-19,33478419,29925436.0,13813.0
1339,2021-09-19,3569677,-29908742.0,-5495356.285714285
1340,2021-09-19,42137162,38567485.0,5512025.571428572
1189,2021-09-20,3573044,-38564118.0,-4263478.0
1188,2021-09-20,33504534,29931490.0,8053.0
1190,2021-09-20,42332050,8827516.0,33486.57142857143
1193,2021-09-21,42453701,121651.0,5557245.428571428
1192,2021-09-21,3585565,-38868136.0,-4270407.714285715
1191,2021-09-21,33531498,29945933.0,4280260.142857143
54,2021-09-22,33563421,31923.0,-1224820.142857143
56,2021-09-22,42586824,9023403.0,5573397.142857143
55,2021-09-22,3597168,-38989656.0,-4272480.857142857
52,2021-09-23,3608976,11808.0,-5531867.714285715
51,2021-09-23,33594803,29985827.0,-1265556.857142857
53,2021-09-23,42713293,9118490.0,5589675.428571428
705,2021-09-24,33624419,-9088874.0,13274.42857142857
707,2021-09-24,42890193,9265774.0,1332396.0
706,2021-09-24,3619115,-39271078.0,-5566815.571428572
710,2021-09-25,42941060,39321945.0,5620556.0
709,2021-09-25,3619115,-39321945.0,1448.4285714285713
708,2021-09-25,33652745,30033630.0,8277.42857142857
1388,2021-09-26,42989128,9336383.0,39405.0
1386,2021-09-26,33678786,-9310342.0,7766.714285714285
1387,2021-09-26,3632800,-30045986.0,-5608199.0
1385,2021-09-27,43158503,39525703.0,5648484.0
1384,2021-09-27,3635807,-39522696.0,-5615036.142857143
1383,2021-09-27,33697581,30061774.0,4296923.714285715
187,2021-09-28,3645599,-30051982.0,-4286735.142857143
186,2021-09-28,33716451,30070852.0,-1324668.142857143
188,2021-09-28,43269881,9553430.0,1370156.4285714286
179,2021-09-29,43393295,123414.0,5680070.714285715
178,2021-09-29,3655395,-39737900.0,-5643301.142857143
177,2021-09-29,33739980,30084585.0,4300596.142857143
1630,2021-09-30,3664223,-30075757.0,-4290479.714285715
1631,2021-09-30,43503243,39839020.0,5693949.142857143
1629,2021-09-30,33766707,-9736536.0,7179.428571428572
57,2021-10-01,33791061,24354.0,-1354117.142857143
59,2021-10-01,43656123,9865062.0,37546.857142857145
58,2021-10-01,3671611,-39984512.0,2316.5714285714284
1198,2021-10-02,3678980,7369.0,-4294428.571428572
1199,2021-10-02,43698610,40019630.0,5719198.142857143
1197,2021-10-02,33813903,-9884707.0,-1384191.4285714286
1196,2021-10-03,43739184,9925281.0,1424639.5714285714
1195,2021-10-03,3678980,-40060204.0,-4301725.857142857
1194,2021-10-03,33834702,30155722.0,-1403060.142857143
1391,2021-10-04,43894148,10059446.0,5746076.714285715
1390,2021-10-04,3684242,-40209906.0,751.7142857142857
1389,2021-10-04,33853048,30168806.0,-1406508.857142857
1393,2021-10-05,3684242,-30168806.0,-4304237.285714285
1392,2021-10-05,33871881,30187639.0,-1409614.7142857143
1394,2021-10-05,43991524,10119643.0,5758934.857142857
714,2021-10-06,33894312,-10097212.0,8515.714285714286
715,2021-10-06,3691924,-30202388.0,-5743174.857142857
716,2021-10-06,44102113,40410189.0,5773981.571428572
711,2021-10-07,33915569,-10186544.0,8931.57142857143
712,2021-10-07,3707234,-30208335.0,3284.5714285714284
713,2021-10-07,44202658,40495424.0,1475825.2857142857
1135,2021-10-08,3714392,-40488266.0,-5753876.0
1136,2021-10-08,44329132,40614740.0,1490688.5714285714
1134,2021-10-08,33935309,-10393823.0,4320483.571428572
1133,2021-10-09,44359574,10424265.0,36780.142857142855
1132,2021-10-09,3714392,-40645182.0,-4314453.857142857
1131,2021-10-09,33953475,30239083.0,4320891.571428572
509,2021-10-10,44395776,10442301.0,27588.285714285714
508,2021-10-10,3723235,-40672541.0,1263.2857142857142
507,2021-10-10,33971607,30248372.0,-1479646.4285714286
512,2021-10-11,44500253,10528646.0,1509277.7142857143
511,2021-10-11,3725242,-40775011.0,-5804904.571428572
510,2021-10-11,33985920,30260678.0,4324504.0
1624,2021-10-12,3732429,-30253491.0,-4317292.285714285
1623,2021-10-12,34001743,30269314.0,-1484861.857142857
1625,2021-10-12,44606614,10604871.0,5840482.714285715
1622,2021-10-13,44728187,121573.0,1536654.2857142857
1621,2021-10-13,3738749,-40989438.0,-5823072.0
1620,2021-10-13,34020730,30281981.0,4327926.857142857
1044,2021-10-14,34037592,16862.0,7381.714285714285
1045,2021-10-14,3744574,-30293018.0,1735.0
1046,2021-10-14,44814568,41069994.0,1544689.2857142857
1048,2021-10-15,3749860,-41064708.0,-5836679.142857143
1049,2021-10-15,44924368,41174508.0,28025.85714285714
1047,2021-10-15,34053573,-10870795.0,4330689.142857143
296,2021-10-16,44958983,10905410.0,1562607.5714285714
294,2021-10-16,34067719,-10891264.0,4303.857142857143
295,2021-10-16,3755063,-30312656.0,1498.4285714285713
291,2021-10-17,34081315,30326252.0,-1533321.857142857
292,2021-10-17,3757056,-30324259.0,1028.0
293,2021-10-17,44990096,41233040.0,9389.714285714286
1506,2021-10-18,34094373,-10895723.0,5828.571428571428
1507,2021-10-18,3758469,-30335904.0,-5885787.714285715
1508,2021-10-18,45094862,41336393.0,1575306.142857143
1503,2021-10-19,34108996,-10985866.0,4336276.142857143
1505,2021-10-19,45175808,11066812.0,1584927.5714285714
1504,2021-10-19,3762689,-41413119.0,804.7142857142857
845,2021-10-20,45267256,41504567.0,39594.28571428572
844,2021-10-20,3767758,-41499498.0,-4332373.571428572
843,2021-10-20,34127450,30359692.0,4338425.857142857
848,2021-10-21,45346152,11218702.0,35898.57142857143
847,2021-10-21,3772556,-41573596.0,-4333777.142857143
846,2021-10-21,34143236,30370680.0,-1576081.7142857143
309,2021-10-22,34159562,16326.0,4342410.428571428
311,2021-10-22,45441301,11281739.0,24863.571428571428
310,2021-10-22,3777209,-41664092.0,1350.142857142857
308,2021-10-23,45470179,41692970.0,1620389.857142857
307,2021-10-23,3781661,-41688518.0,-5937784.428571428
306,2021-10-23,34175468,30393807.0,4343273.142857143
551,2021-10-24,45487602,11312134.0,1620623.7142857143
550,2021-10-24,3781661,-41705941.0,-4339700.142857143
549,2021-10-24,34189774,30408113.0,-1607361.0
552,2021-10-25,34202202,12428.0,4346427.571428572
554,2021-10-25,45603955,11401753.0,19110.85714285714
553,2021-10-25,3784448,-41819507.0,398.14285714285717
1451,2021-10-26,45672673,41888225.0,1642457.857142857
1450,2021-10-26,3784448,-41888225.0,-5957593.428571428
1449,2021-10-26,34215653,30431205.0,4347713.142857143
1446,2021-10-27,34231809,16156.0,6005.0
1447,2021-10-27,3788986,-30442823.0,-4344745.142857143
1448,2021-10-27,45773574,41984588.0,24231.285714285714
235,2021-10-28,3798286,-41975288.0,1976.857142857143
234,2021-10-28,34246157,30447871.0,-1632359.4285714286
236,2021-10-28,45851120,11604963.0,6009524.571428572
233,2021-10-29,45944705,93585.0,1675578.857142857
232,2021-10-29,3802287,-42142418.0,-4347074.571428572
231,2021-10-29,34260470,30458183.0,4353069.142857143
1267,2021-10-30,3805765,-30454705.0,-5995401.285714285
1266,2021-10-30,34273300,30467535.0,4353573.428571428
1268,2021-10-30,45976351,11703051.0,1675742.0
1270,2021-10-31,3807211,-42169140.0,-6006272.714285715
1271,2021-10-31,46007342,42200131.0,8948.142857142857
1269,2021-10-31,34285814,-11721528.0,4354789.571428572
1143,2021-11-01,34296237,10423.0,5109.571428571428
1144,2021-11-01,3807211,-30489026.0,206.57142857142858
1145,2021-11-01,46122948,42315737.0,1692806.857142857
6,2021-11-02,34308140,-11814808.0,-1666887.2857142857
7,2021-11-02,3808205,-30499935.0,142.0
8,2021-11-02,46194029,42385824.0,26669.571428571428
11,2021-11-03,46278614,84585.0,1713257.142857143
10,2021-11-03,3811793,-42466821.0,-4354920.571428572
9,2021-11-03,34321025,30509232.0,4359116.285714285
645,2021-11-04,34333754,12729.0,-1684170.5714285714
646,2021-11-04,3814453,-30519301.0,-4356241.0
647,2021-11-04,46360436,42545983.0,6078890.142857143
644,2021-11-05,46456541,96105.0,37501.71428571428
642,2021-11-05,34344683,-12111858.0,-1704847.2857142857
643,2021-11-05,3818216,-30526467.0,917.5714285714286
1327,2021-11-06,3825404,7188.0,-4356517.285714285
1326,2021-11-06,34355509,30530105.0,3107.8571428571427
1328,2021-11-06,46489437,12133928.0,6096426.285714285
1329,2021-11-07,34366987,-12122450.0,-1713349.857142857
1330,2021-11-07,3826786,-30540201.0,-6089965.0
1331,2021-11-07,46524743,42697957.0,1740008.5714285714
139,2021-11-08,3826786,-42697957.0,1224.2857142857142
140,2021-11-08,46637056,42810270.0,6115950.285714285
138,2021-11-08,34377113,-12259943.0,3086.285714285714
141,2021-11-09,34388579,11466.0,-1728694.0
143,2021-11-09,46717357,12328778.0,1764338.5714285714
142,2021-11-09,3831259,-42886098.0,639.0
1581,2021-11-10,34401670,30570411.0,-1731867.5714285714
1582,2021-11-10,3831259,-30570411.0,639.0
1583,2021-11-10,46812332,42981073.0,25039.428571428572
1580,2021-11-11,46867831,55499.0,1784388.2857142857
1578,2021-11-11,34414186,-12453645.0,3658.1428571428573
1579,2021-11-11,3838308,-30575878.0,-6125578.428571428
461,2021-11-12,47014360,43176052.0,6169014.428571428
460,2021-11-12,3838308,-43176052.0,-4366194.571428572
459,2021-11-12,34426036,30587728.0,4370682.428571428
464,2021-11-13,47055324,12629288.0,34713.142857142855
463,2021-11-13,3841661,-43213663.0,-6146595.714285715
462,2021-11-13,34437307,30595646.0,3303.0
222,2021-11-14,34447536,10229.0,4372746.857142857
223,2021-11-14,3844791,-30602745.0,-6167081.285714285
224,2021-11-14,47085614,43240823.0,6178186.571428572
219,2021-11-15,34456401,-12629213.0,4337.857142857143
220,2021-11-15,3845733,-30610668.0,-6172798.714285715
221,2021-11-15,47224576,43378843.0,6197559.285714285
977,2021-11-16,47312202,87626.0,1839270.7142857143
975,2021-11-16,34466598,-12845604.0,2723.1428571428573
976,2021-11-16,3846508,-30620090.0,245.28571428571428
978,2021-11-17,34478517,30632009.0,-1801013.857142857
980,2021-11-17,47423606,12945089.0,1852457.857142857
979,2021-11-17,3851079,-43572527.0,763.7142857142857
533,2021-11-18,47533702,43682623.0,44160.857142857145
532,2021-11-18,3854994,-43678708.0,-6208172.571428572
531,2021-11-18,34489623,30634629.0,3289.285714285714
534,2021-11-19,34499925,10302.0,4379059.571428572
535,2021-11-19,3854994,-30644931.0,-4374789.0
536,2021-11-19,47659290,43804296.0,33669.142857142855
375,2021-11-20,34510413,-13148877.0,4379904.857142857
376,2021-11-20,3858831,-30651582.0,-6239267.285714285
377,2021-11-20,47700783,43841952.0,6263684.142857143
374,2021-11-21,47738554,37771.0,1892704.4285714286
373,2021-11-21,3862137,-43876417.0,-4376826.857142857
372,2021-11-21,34518901,30656764.0,4380558.142857143
914,2021-11-22,47889042,13370141.0,32821.71428571428
913,2021-11-22,3864278,-44024764.0,-4378019.285714285
912,2021-11-22,34526480,30662202.0,4381092.714285715
916,2021-11-23,3864278,-30662202.0,-6262357.857142857
915,2021-11-23,34535763,30671485.0,-1886113.0
917,2021-11-23,47981453,13445690.0,6302759.428571428
1488,2021-11-24,34544882,-13436571.0,3711.5714285714284
1489,2021-11-24,3867976,-30676906.0,-6288723.714285715
1490,2021-11-24,48092823,44224847.0,6318363.571428572
1486,2021-11-25,3876391,-44216432.0,-4378584.142857143
1485,2021-11-25,34555431,30679040.0,4384450.428571428
1487,2021-11-25,48125425,13569994.0,1941380.2857142857
593,2021-11-26,48176523,51098.0,27867.14285714286
592,2021-11-26,3879836,-44296687.0,-4380720.857142857
591,2021-11-26,34563749,30683913.0,4385110.428571428
594,2021-11-27,34572523,8774.0,-1931471.4285714286
595,2021-11-27,3879836,-30692687.0,492.14285714285717
596,2021-11-27,48201079,44321243.0,1949378.2857142857
1032,2021-11-28,34580832,-13620247.0,-1934941.857142857
1034,2021-11-28,48241903,13661071.0,9340.0
1033,2021-11-28,3882792,-44359111.0,422.2857142857143
1035,2021-11-29,34587822,30705030.0,3439.0
1037,2021-11-29,48438876,13851054.0,1980907.5714285714
1036,2021-11-29,3884566,-44554310.0,675.7142857142857
835,2021-11-30,3884566,0.0,-6330930.428571428
836,2021-11-30,48555974,44671408.0,1996448.857142857
834,2021-11-30,34596776,-13959198.0,-1949303.857142857
1324,2021-12-01,3891218,-30705558.0,1203.7142857142858
1323,2021-12-01,34606541,30715323.0,2674.1428571428573
1325,2021-12-01,48691353,14084812.0,36068.142857142855
