,date,Country_Region,Confirmed,active_cases,active_rolling
693,2020-06-01,India,198370,,
1368,2020-06-02,India,207191,8821.0,
1365,2020-06-03,India,216824,9633.0,
1164,2020-06-04,India,226713,9889.0,
1167,2020-06-05,India,236184,9471.0,
27,2020-06-06,India,246622,10438.0,
24,2020-06-07,India,257486,10864.0,
1251,2020-06-08,India,265928,8442.0,9651.142857142857
1242,2020-06-09,India,276146,10218.0,9850.714285714286
210,2020-06-10,India,276583,437.0,8537.0
213,2020-06-11,India,297535,20952.0,10117.42857142857
960,2020-06-12,India,297535,0.0,8764.42857142857
957,2020-06-13,India,308993,11458.0,8910.142857142857
1545,2020-06-14,India,320922,11929.0,9062.285714285714
1548,2020-06-15,India,343091,22169.0,11023.285714285714
420,2020-06-16,India,354065,10974.0,11131.285714285714
417,2020-06-17,India,366946,12881.0,12909.0
876,2020-06-18,India,380532,13586.0,11856.714285714286
873,2020-06-19,India,395048,14516.0,13930.42857142857
1533,2020-06-20,India,410461,15413.0,14495.42857142857
1536,2020-06-21,India,425282,14821.0,14908.57142857143
639,2020-06-22,India,440215,14933.0,13874.857142857143
636,2020-06-23,India,456183,15968.0,14588.285714285714
390,2020-06-24,India,473105,16922.0,15165.57142857143
393,2020-06-25,India,490401,17296.0,15695.57142857143
936,2020-06-26,India,508953,18552.0,16272.142857142857
933,2020-06-27,India,528859,19906.0,16914.0
480,2020-06-28,India,548318,19459.0,17576.571428571428
471,2020-06-29,India,566840,18522.0,18089.285714285714
1110,2020-06-30,India,585493,18653.0,18472.85714285714
1395,2020-07-01,India,604641,19148.0,18790.85714285714
723,2020-07-02,India,625544,20903.0,19306.14285714286
726,2020-07-03,India,648315,22771.0,19908.85714285714
93,2020-07-04,India,673165,24850.0,20615.14285714286
90,2020-07-05,India,697413,24248.0,21299.285714285714
1221,2020-07-06,India,719664,22251.0,21832.0
1224,2020-07-07,India,742417,22753.0,22417.714285714286
804,2020-07-08,India,767296,24879.0,23236.428571428572
813,2020-07-09,India,793802,26506.0,24036.85714285714
1005,2020-07-10,India,820916,27114.0,24657.285714285714
1002,2020-07-11,India,849522,28606.0,25193.85714285714
255,2020-07-12,India,878254,28732.0,25834.428571428572
258,2020-07-13,India,906752,28498.0,26726.85714285714
498,2020-07-14,India,936181,29429.0,27680.571428571428
495,2020-07-15,India,968857,32676.0,28794.428571428572
1608,2020-07-16,India,1003832,34975.0,30004.285714285714
1611,2020-07-17,India,1039084,35252.0,31166.85714285714
405,2020-07-18,India,1077781,38697.0,32608.428571428572
408,2020-07-19,India,1118206,40425.0,34278.857142857145
564,2020-07-20,India,1155338,37132.0,35512.28571428572
561,2020-07-21,India,1193078,37740.0,36699.57142857143
1452,2020-07-22,India,1238798,45720.0,38563.0
1455,2020-07-23,India,1288108,49310.0,40610.857142857145
891,2020-07-24,India,1337024,48916.0,42562.857142857145
888,2020-07-25,India,1385635,48611.0,43979.142857142855
342,2020-07-26,India,1435616,49981.0,45344.28571428572
345,2020-07-27,India,1480073,44457.0,46390.71428571428
1551,2020-07-28,India,1483156,3083.0,41439.71428571428
1557,2020-07-29,India,1581963,98807.0,49023.57142857143
120,2020-07-30,India,1634746,52783.0,49519.71428571428
117,2020-07-31,India,1695988,61242.0,51280.57142857143
879,2020-08-01,India,1750723,54735.0,52155.42857142857
327,2020-08-02,India,1803695,52972.0,52582.71428571428
324,2020-08-03,India,1855745,52050.0,53667.42857142857
573,2020-08-04,India,1908254,52509.0,60728.28571428572
576,2020-08-05,India,1964536,56282.0,54653.28571428572
1476,2020-08-06,India,2027074,62538.0,56046.857142857145
1473,2020-08-07,India,2088611,61537.0,56089.0
216,2020-08-08,India,2153010,64399.0,57469.57142857143
207,2020-08-09,India,2215074,62064.0,58768.42857142857
1245,2020-08-10,India,2268675,53601.0,58990.0
1248,2020-08-11,India,2329638,60963.0,60197.71428571428
759,2020-08-12,India,2396637,66999.0,61728.71428571428
756,2020-08-13,India,2461190,64553.0,62016.57142857143
126,2020-08-14,India,2525922,64732.0,62473.0
129,2020-08-15,India,2589952,64030.0,62420.28571428572
1077,2020-08-16,India,2647663,57711.0,61798.42857142857
1074,2020-08-17,India,2702681,55018.0,62000.857142857145
690,2020-08-18,India,2767253,64572.0,62516.42857142857
687,2020-08-19,India,2836925,69672.0,62898.28571428572
66,2020-08-20,India,2905825,68900.0,63519.28571428572
69,2020-08-21,India,2975701,69876.0,64254.142857142855
1209,2020-08-22,India,3044940,69239.0,64998.28571428572
1206,2020-08-23,India,3106348,61408.0,65526.42857142857
1416,2020-08-24,India,3167323,60975.0,66377.42857142857
1419,2020-08-25,India,3224547,57224.0,65327.71428571428
738,2020-08-26,India,3310234,85687.0,67615.57142857143
735,2020-08-27,India,3387500,77266.0,68810.71428571429
1113,2020-08-28,India,3463972,76472.0,69753.0
1107,2020-08-29,India,3542733,78761.0,71113.28571428571
474,2020-08-30,India,3621245,78512.0,73556.71428571429
477,2020-08-31,India,3691166,69921.0,74834.71428571429
402,2020-09-01,India,3769523,78357.0,77853.71428571429
945,2020-09-02,India,3853406,83883.0,77596.0
948,2020-09-03,India,3936747,83341.0,78463.85714285714
1524,2020-09-04,India,4023179,86432.0,79886.71428571429
1521,2020-09-05,India,4113811,90632.0,81582.57142857143
621,2020-09-06,India,4204613,90802.0,83338.28571428571
624,2020-09-07,India,4280422,75809.0,84179.42857142857
999,2020-09-08,India,4370128,89706.0,85800.71428571429
1008,2020-09-09,India,4465863,95735.0,87493.85714285714
810,2020-09-10,India,4562414,96551.0,89381.0
807,2020-09-11,India,4659984,97570.0,90972.14285714286
1290,2020-09-12,India,4754356,94372.0,91506.42857142857
1293,2020-09-13,India,4846427,92071.0,91687.71428571429
1104,2020-09-14,India,4846427,0.0,80857.85714285714
1101,2020-09-15,India,5020359,173932.0,92890.14285714286
153,2020-09-16,India,5118253,97894.0,93198.57142857143
156,2020-09-17,India,5214677,96424.0,93180.42857142857
1398,2020-09-18,India,5308014,93337.0,92575.71428571429
1401,2020-09-19,India,5400619,92605.0,92323.28571428571
1185,2020-09-20,India,5487580,86961.0,91593.28571428571
1182,2020-09-21,India,5562663,75083.0,102319.42857142857
39,2020-09-22,India,5646010,83347.0,89378.71428571429
42,2020-09-23,India,5732518,86508.0,87752.14285714286
672,2020-09-24,India,5818570,86052.0,86270.42857142857
669,2020-09-25,India,5903932,85362.0,85131.14285714286
1353,2020-09-26,India,5992532,88600.0,84559.0
1356,2020-09-27,India,6074702,82170.0,83874.57142857143
114,2020-09-28,India,6145291,70589.0,83232.57142857143
123,2020-09-29,India,6225763,80472.0,82821.85714285714
1554,2020-09-30,India,6312584,86821.0,82866.57142857143
33,2020-10-01,India,6386526,73942.0,81136.57142857143
1176,2020-10-02,India,6473544,87018.0,81373.14285714286
1179,2020-10-03,India,6549373,75829.0,79548.71428571429
1350,2020-10-04,India,6623815,74442.0,78444.71428571429
1347,2020-10-05,India,6685082,61267.0,77113.0
663,2020-10-06,India,6757131,72049.0,75909.71428571429
666,2020-10-07,India,6835655,78524.0,74724.42857142857
1050,2020-10-08,India,6906151,70496.0,74232.14285714286
1056,2020-10-09,India,6979423,73272.0,72268.42857142857
432,2020-10-10,India,7053806,74383.0,72061.85714285714
426,2020-10-11,India,7120538,66732.0,70960.42857142857
1560,2020-10-12,India,7175880,55342.0,70114.0
1563,2020-10-13,India,7239389,63509.0,68894.0
954,2020-10-14,India,7307097,67708.0,67348.85714285714
951,2020-10-15,India,7370468,63371.0,66331.0
195,2020-10-16,India,7432680,62212.0,64751.0
198,2020-10-17,India,7494551,61871.0,62963.57142857143
1458,2020-10-18,India,7550273,55722.0,61390.71428571428
1461,2020-10-19,India,7597063,46790.0,60169.0
942,2020-10-20,India,7651107,54044.0,58816.857142857145
939,2020-10-21,India,7706946,55839.0,57121.28571428572
396,2020-10-22,India,7761312,54366.0,55834.857142857145
399,2020-10-23,India,7814682,53370.0,54571.71428571428
618,2020-10-24,India,7864811,50129.0,52894.28571428572
615,2020-10-25,India,7909959,45148.0,51383.71428571428
1515,2020-10-26,India,7946429,36470.0,49909.42857142857
1518,2020-10-27,India,7990322,43893.0,48459.28571428572
249,2020-10-28,India,8040203,49881.0,47608.142857142855
252,2020-10-29,India,8088851,48648.0,46791.28571428572
1299,2020-10-30,India,8137119,48268.0,46062.42857142857
1296,2020-10-31,India,8184082,46963.0,45610.142857142855
1218,2020-11-01,India,8229313,45231.0,45622.0
75,2020-11-02,India,8267623,38310.0,45884.857142857145
72,2020-11-03,India,8313876,46253.0,46222.0
741,2020-11-04,India,8364086,50210.0,46269.0
744,2020-11-05,India,8411724,47638.0,46124.71428571428
1425,2020-11-06,India,8462080,50356.0,46423.0
1422,2020-11-07,India,8507754,45674.0,46238.857142857145
165,2020-11-08,India,8553657,45903.0,46334.857142857145
159,2020-11-09,India,8591730,38073.0,46301.0
1599,2020-11-10,India,8636011,44281.0,46019.28571428572
1605,2020-11-11,India,8683916,47905.0,45690.0
468,2020-11-12,India,8728795,44879.0,45295.857142857145
465,2020-11-13,India,8773479,44684.0,44485.57142857143
261,2020-11-14,India,8814579,41100.0,43832.142857142855
264,2020-11-15,India,8845127,30548.0,41638.57142857143
1023,2020-11-16,India,8873541,28414.0,40258.71428571428
1020,2020-11-17,India,8912907,39366.0,39556.57142857143
633,2020-11-18,India,8958483,45576.0,39223.857142857145
627,2020-11-19,India,9004365,45882.0,39367.142857142855
330,2020-11-20,India,9050597,46232.0,39588.28571428572
333,2020-11-21,India,9095806,45209.0,40175.28571428572
885,2020-11-22,India,9139865,44059.0,42105.42857142857
882,2020-11-23,India,9177840,37975.0,43471.28571428572
1479,2020-11-24,India,9222216,44376.0,44187.0
1482,2020-11-25,India,9266705,44489.0,44031.71428571428
582,2020-11-26,India,9309787,43082.0,43631.71428571428
579,2020-11-27,India,9351109,41322.0,42930.28571428572
972,2020-11-28,India,9392919,41810.0,42444.71428571428
966,2020-11-29,India,9431691,38772.0,41689.42857142857
747,2020-11-30,India,9462809,31118.0,40709.857142857145
1239,2020-12-01,India,9499413,36604.0,39599.57142857143
765,2020-12-02,India,9534964,35551.0,38322.71428571428
762,2020-12-03,India,9571559,36595.0,37396.0
132,2020-12-04,India,9608211,36652.0,36728.857142857145
135,2020-12-05,India,9644222,36011.0,35900.42857142857
1071,2020-12-06,India,9677203,32981.0,35073.142857142855
1068,2020-12-07,India,9703770,26567.0,34423.0
678,2020-12-08,India,9735850,32080.0,33776.71428571428
675,2020-12-09,India,9767371,31521.0,33201.0
867,2020-12-10,India,9796744,29373.0,32169.285714285714
870,2020-12-11,India,9826775,30031.0,31223.428571428572
339,2020-12-12,India,9857029,30254.0,30401.0
336,2020-12-13,India,9884100,27071.0,29556.714285714286
585,2020-12-14,India,9906165,22065.0,28913.571428571428
588,2020-12-15,India,9932547,26382.0,28099.571428571428
1470,2020-12-16,India,9956557,24010.0,27026.571428571428
1467,2020-12-17,India,9979447,22890.0,26100.428571428572
204,2020-12-18,India,10004599,25152.0,25403.428571428572
201,2020-12-19,India,10031223,26624.0,24884.85714285714
483,2020-12-20,India,10055560,24337.0,24494.285714285714
486,2020-12-21,India,10075116,19556.0,24135.85714285714
1593,2020-12-22,India,10099066,23950.0,23788.428571428572
1590,2020-12-23,India,10123778,24712.0,23888.714285714286
1014,2020-12-24,India,10146845,23067.0,23914.0
1017,2020-12-25,India,10169118,22273.0,23502.714285714286
270,2020-12-26,India,10187850,18732.0,22375.285714285714
267,2020-12-27,India,10207871,20021.0,21758.714285714286
1542,2020-12-28,India,10224303,16432.0,21312.428571428572
1539,2020-12-29,India,10244852,20549.0,20826.571428571428
78,2020-12-30,India,10266674,21822.0,20413.714285714286
81,2020-12-31,India,10286709,20035.0,19980.571428571428
1011,2021-01-01,India,10305788,19079.0,19524.285714285714
246,2021-01-02,India,10323965,18177.0,19445.0
243,2021-01-03,India,10340469,16504.0,18942.571428571428
489,2021-01-04,India,10356844,16375.0,18934.428571428572
492,2021-01-05,India,10374932,18088.0,18582.85714285714
1617,2021-01-06,India,10395278,20346.0,18372.0
1614,2021-01-07,India,10413417,18139.0,18101.14285714286
414,2021-01-08,India,10413417,0.0,15375.57142857143
411,2021-01-09,India,10450284,36867.0,18045.571428571428
1410,2021-01-10,India,10466595,16311.0,18018.0
1413,2021-01-11,India,10479179,12584.0,17476.428571428572
720,2021-01-12,India,10495147,15968.0,17173.571428571428
717,2021-01-13,India,10512093,16946.0,16687.85714285714
84,2021-01-14,India,10527683,15590.0,16323.714285714286
87,2021-01-15,India,10542841,15158.0,18489.14285714286
1236,2021-01-16,India,10557985,15144.0,15385.857142857143
1233,2021-01-17,India,10571773,13788.0,15025.42857142857
819,2021-01-18,India,10581823,10050.0,14663.42857142857
816,2021-01-19,India,10595639,13816.0,14356.0
102,2021-01-20,India,10610883,15244.0,14112.857142857143
105,2021-01-21,India,10625428,14545.0,13963.57142857143
1065,2021-01-22,India,10639684,14256.0,13834.714285714286
1062,2021-01-23,India,10654533,14849.0,13792.57142857143
1260,2021-01-24,India,10667736,13203.0,13709.0
1263,2021-01-25,India,10676838,9102.0,13573.57142857143
771,2021-01-26,India,10689527,12689.0,13412.57142857143
768,2021-01-27,India,10701193,11666.0,12901.42857142857
1173,2021-01-28,India,10720048,18855.0,13517.142857142857
1170,2021-01-29,India,10733130,13082.0,13349.42857142857
555,2021-01-30,India,10746174,13044.0,13091.57142857143
558,2021-01-31,India,10757610,11436.0,12839.142857142857
1464,2021-02-01,India,10766245,8635.0,12772.42857142857
570,2021-02-02,India,10777284,11039.0,12536.714285714286
567,2021-02-03,India,10790183,12899.0,12712.857142857143
348,2021-02-04,India,10802591,12408.0,11791.857142857143
351,2021-02-05,India,10814304,11713.0,11596.285714285714
897,2021-02-06,India,10826363,12059.0,11455.57142857143
894,2021-02-07,India,10838194,11831.0,11512.0
429,2021-02-08,India,10847304,9110.0,11579.857142857143
423,2021-02-09,India,10858371,11067.0,11583.857142857143
1053,2021-02-10,India,10871294,12923.0,11587.285714285714
1059,2021-02-11,India,10880603,9309.0,11144.57142857143
111,2021-02-12,India,10892746,12143.0,11206.0
108,2021-02-13,India,10904940,12194.0,11225.285714285714
774,2021-02-14,India,10916589,11649.0,11199.285714285714
777,2021-02-15,India,10925710,9121.0,11200.857142857143
1257,2021-02-16,India,10937320,11610.0,11278.42857142857
1254,2021-02-17,India,10950201,12881.0,11272.42857142857
36,2021-02-18,India,10963394,13193.0,11827.285714285714
30,2021-02-19,India,10977387,13993.0,12091.57142857143
729,2021-02-20,India,10991651,14264.0,12387.285714285714
732,2021-02-21,India,11005850,14199.0,12751.57142857143
1407,2021-02-22,India,11016434,10584.0,12960.57142857143
1404,2021-02-23,India,11030176,13742.0,13265.142857142857
1227,2021-02-24,India,11046914,16738.0,13816.142857142857
1230,2021-02-25,India,11063491,16577.0,14299.57142857143
99,2021-02-26,India,11079979,16488.0,14656.0
96,2021-02-27,India,11096731,16752.0,15011.42857142857
1302,2021-02-28,India,11112241,15510.0,15198.714285714286
630,2021-03-01,India,11124527,12286.0,15441.857142857143
1527,2021-03-02,India,11139516,14989.0,15620.0
1530,2021-03-03,India,11156923,17407.0,15715.57142857143
930,2021-03-04,India,11173761,16838.0,15752.857142857143
927,2021-03-05,India,11192045,18284.0,16009.42857142857
384,2021-03-06,India,11210799,18754.0,16295.42857142857
387,2021-03-07,India,11229398,18599.0,16736.714285714286
1596,2021-03-08,India,11244786,15388.0,17179.85714285714
1602,2021-03-09,India,11262707,17921.0,17598.714285714286
168,2021-03-10,India,11285561,22854.0,18376.85714285714
162,2021-03-11,India,11308846,23285.0,19297.85714285714
1116,2021-03-12,India,11333728,24882.0,20240.428571428572
1119,2021-03-13,India,11359048,25320.0,21178.428571428572
1287,2021-03-14,India,11385339,26291.0,22277.285714285714
1284,2021-03-15,India,11409831,24492.0,23577.85714285714
798,2021-03-16,India,11438734,28903.0,25146.714285714286
801,2021-03-17,India,11474605,35871.0,27006.285714285714
1212,2021-03-18,India,11514331,39726.0,29355.0
1215,2021-03-19,India,11555284,40953.0,31650.85714285714
1362,2021-03-20,India,11599130,43846.0,34297.42857142857
1359,2021-03-21,India,11646081,46951.0,37248.857142857145
681,2021-03-22,India,11686796,40715.0,39566.42857142857
684,2021-03-23,India,11734058,47262.0,42189.142857142855
21,2021-03-24,India,11787534,53476.0,44704.142857142855
18,2021-03-25,India,11846652,59118.0,47474.42857142857
1158,2021-03-26,India,11908910,62258.0,50518.0
1161,2021-03-27,India,11971624,62714.0,53213.42857142857
750,2021-03-28,India,12039644,68020.0,56223.28571428572
753,2021-03-29,India,12095855,56211.0,58437.0
969,2021-03-30,India,12149335,53480.0,59325.28571428572
963,2021-03-31,India,12221665,72330.0,62018.71428571428
1128,2021-04-01,India,12303131,81466.0,65211.28571428572
192,2021-04-02,India,12392260,89129.0,69050.0
189,2021-04-03,India,12485509,93249.0,73412.14285714286
822,2021-04-04,India,12589067,103558.0,78489.0
825,2021-04-05,India,12686049,96982.0,84313.42857142857
1308,2021-04-06,India,12801785,115736.0,93207.14285714286
1305,2021-04-07,India,12928574,126789.0,100987.0
48,2021-04-08,India,13060542,131968.0,108201.57142857143
45,2021-04-09,India,13205926,145384.0,116238.0
1497,2021-04-10,India,13358805,152879.0,124756.57142857143
1500,2021-04-11,India,13527717,168912.0,134092.85714285713
612,2021-04-12,India,13689453,161736.0,143343.42857142858
609,2021-04-13,India,13873825,184372.0,153148.57142857142
360,2021-04-14,India,14074564,200739.0,163712.85714285713
363,2021-04-15,India,14291917,217353.0,175910.7142857143
903,2021-04-16,India,14526609,234692.0,188669.0
900,2021-04-17,India,14788003,261394.0,204171.14285714287
504,2021-04-18,India,15061805,273802.0,219155.42857142858
501,2021-04-19,India,15320972,259167.0,233074.14285714287
237,2021-04-20,India,15616130,295158.0,248900.7142857143
240,2021-04-21,India,15930774,314644.0,265172.85714285716
984,2021-04-22,India,16263695,332921.0,281682.5714285714
981,2021-04-23,India,16610481,346786.0,297696.0
1566,2021-04-24,India,16960172,349691.0,310309.85714285716
1569,2021-04-25,India,17313163,352991.0,321622.5714285714
444,2021-04-26,India,17636186,323023.0,330744.85714285716
441,2021-04-27,India,17997113,360927.0,340140.4285714286
852,2021-04-28,India,18376421,379308.0,349378.14285714284
849,2021-04-29,India,18762976,386555.0,357040.14285714284
660,2021-04-30,India,19164969,401993.0,364926.85714285716
144,2021-05-01,India,19557457,392488.0,371040.71428571426
1080,2021-05-02,India,19925517,368060.0,373193.4285714286
1083,2021-05-03,India,20282833,357316.0,378092.4285714286
1281,2021-05-04,India,20664979,382146.0,381123.71428571426
1278,2021-05-05,India,21077410,412431.0,385855.5714285714
792,2021-05-06,India,21491598,414188.0,389803.14285714284
795,2021-05-07,India,21892676,401078.0,389672.4285714286
1152,2021-05-08,India,22296081,403405.0,391232.0
1155,2021-05-09,India,22662575,366494.0,391008.28571428574
540,2021-05-10,India,22992517,329942.0,387097.71428571426
537,2021-05-11,India,23340938,348421.0,382279.85714285716
1428,2021-05-12,India,23703665,362727.0,375179.28571428574
1431,2021-05-13,India,24046809,343144.0,365030.14285714284
858,2021-05-14,India,24372907,326098.0,354318.71428571426
855,2021-05-15,India,24684077,311170.0,341142.28571428574
318,2021-05-16,India,24965463,281386.0,328984.0
321,2021-05-17,India,25228996,263533.0,319497.0
1584,2021-05-18,India,25496330,267334.0,307913.14285714284
1587,2021-05-19,India,25772440,276110.0,295539.28571428574
1029,2021-05-20,India,26031991,259551.0,283597.4285714286
1026,2021-05-21,India,26289290,257299.0,273769.0
285,2021-05-22,India,26530132,240842.0,263722.14285714284
288,2021-05-23,India,26752447,222315.0,255283.42857142858
522,2021-05-24,India,26948874,196427.0,245696.85714285713
519,2021-05-25,India,27157795,208921.0,237352.14285714287
1635,2021-05-26,India,27369093,211298.0,228093.2857142857
1638,2021-05-27,India,27555457,186364.0,217638.0
366,2021-05-28,India,27729247,173790.0,205708.14285714287
369,2021-05-29,India,27894800,165553.0,194952.57142857142
1374,2021-05-30,India,28047534,152734.0,185012.42857142858
1371,2021-05-31,India,28175044,127510.0,175167.14285714287
696,2021-06-01,India,28307832,132788.0,164291.0
1377,2021-06-02,India,28441986,134154.0,153270.42857142858
1380,2021-06-03,India,28574350,132364.0,145556.14285714287
1203,2021-06-04,India,28694879,120529.0,137947.42857142858
1200,2021-06-05,India,28809339,114460.0,130648.42857142857
60,2021-06-06,India,28909975,100636.0,123205.85714285714
63,2021-06-07,India,28996473,86498.0,117347.0
1311,2021-06-08,India,29089069,92596.0,111605.28571428571
1320,2021-06-09,India,29182532,93463.0,105792.28571428571
279,2021-06-10,India,29274823,92291.0,100067.57142857143
276,2021-06-11,India,29359155,84332.0,94896.57142857143
1038,2021-06-12,India,29439989,80834.0,90092.85714285714
1041,2021-06-13,India,29510410,70421.0,85776.42857142857
1644,2021-06-14,India,29570881,60471.0,82058.28571428571
1641,2021-06-15,India,29633105,62224.0,77719.42857142857
513,2021-06-16,India,29700313,67208.0,73968.71428571429
516,2021-06-17,India,29762793,62480.0,69710.0
921,2021-06-18,India,29823546,60753.0,66341.57142857143
924,2021-06-19,India,29881772,58226.0,63111.857142857145
1437,2021-06-20,India,29935221,53449.0,60687.28571428572
1434,2021-06-21,India,29977861,42640.0,58140.0
525,2021-06-22,India,30028709,50848.0,56514.857142857145
528,2021-06-23,India,30082778,54069.0,54637.857142857145
315,2021-06-24,India,30134445,51667.0,53093.142857142855
312,2021-06-25,India,30183143,48698.0,51371.0
861,2021-06-26,India,30233183,50040.0,50201.57142857143
864,2021-06-27,India,30279331,46148.0,49158.57142857143
447,2021-06-28,India,30316897,37566.0,48433.71428571428
456,2021-06-29,India,30362848,45951.0,47734.142857142855
1089,2021-06-30,India,30411634,48786.0,46979.42857142857
1344,2021-07-01,India,30458251,46617.0,46258.0
657,2021-07-02,India,30502362,44111.0,45602.71428571428
654,2021-07-03,India,30545433,43071.0,44607.142857142855
0,2021-07-04,India,30585229,39796.0,43699.71428571428
3,2021-07-05,India,30619932,34703.0,43290.71428571428
1140,2021-07-06,India,30663665,43733.0,42973.857142857145
1137,2021-07-07,India,30709557,45892.0,42560.42857142857
789,2021-07-08,India,30752950,43393.0,42099.857142857145
780,2021-07-09,India,30795716,42766.0,41907.71428571428
990,2021-07-10,India,30837222,41506.0,41684.142857142855
993,2021-07-11,India,30874376,37154.0,41306.71428571428
228,2021-07-12,India,30907282,32906.0,41050.0
225,2021-07-13,India,30946147,38865.0,40354.57142857143
435,2021-07-14,India,30987880,41733.0,39760.42857142857
438,2021-07-15,India,31026829,38949.0,39125.57142857143
1575,2021-07-16,India,31064908,38079.0,38456.0
1572,2021-07-17,India,31106065,41157.0,38406.142857142855
300,2021-07-18,India,31144229,38164.0,38550.42857142857
297,2021-07-19,India,31174322,30093.0,38148.57142857143
603,2021-07-20,India,31216337,42015.0,38598.57142857143
606,2021-07-21,India,31257720,41383.0,38548.57142857143
1512,2021-07-22,India,31293062,35342.0,38033.28571428572
1509,2021-07-23,India,31332159,39097.0,38178.71428571428
906,2021-07-24,India,31371901,39742.0,37976.57142857143
909,2021-07-25,India,31411262,39361.0,38147.57142857143
357,2021-07-26,India,31440951,29689.0,38089.857142857145
354,2021-07-27,India,31484605,43654.0,38324.0
1632,2021-07-28,India,31528114,43509.0,38627.71428571428
1626,2021-07-29,India,31572344,44230.0,39897.42857142857
180,2021-07-30,India,31613993,41649.0,40262.0
183,2021-07-31,India,31655824,41831.0,40560.42857142857
918,2021-08-01,India,31695958,40134.0,40670.857142857145
378,2021-08-02,India,31726507,30549.0,40793.71428571428
381,2021-08-03,India,31769132,42625.0,40646.71428571428
600,2021-08-04,India,31812114,42982.0,40571.42857142857
597,2021-08-05,India,31856757,44643.0,40630.42857142857
1491,2021-08-06,India,31895385,38628.0,40198.857142857145
1494,2021-08-07,India,31934455,39070.0,39804.42857142857
273,2021-08-08,India,31969954,35499.0,39142.28571428572
282,2021-08-09,India,31998158,28204.0,38807.28571428572
1317,2021-08-10,India,32036511,38353.0,38197.0
1314,2021-08-11,India,32077706,41195.0,37941.71428571428
828,2021-08-12,India,32117826,40120.0,37295.57142857143
831,2021-08-13,India,32156493,38667.0,37301.142857142855
174,2021-08-14,India,32192576,36083.0,36874.42857142857
171,2021-08-15,India,32225513,32937.0,36508.42857142857
1122,2021-08-16,India,32250679,25166.0,36074.42857142857
1125,2021-08-17,India,32285857,35178.0,35620.857142857145
699,2021-08-18,India,32322258,36401.0,34936.0
702,2021-08-19,India,32358829,36571.0,34429.0
15,2021-08-20,India,32393286,34457.0,33827.57142857143
12,2021-08-21,India,32424234,30948.0,33094.0
1146,2021-08-22,India,32449306,25072.0,31970.428571428572
1149,2021-08-23,India,32474773,25467.0,32013.428571428572
1335,2021-08-24,India,32512366,37593.0,32358.428571428572
1332,2021-08-25,India,32558530,46164.0,33753.142857142855
648,2021-08-26,India,32603188,44658.0,34908.42857142857
651,2021-08-27,India,32649947,46759.0,36665.857142857145
1086,2021-08-28,India,32695030,45083.0,38685.142857142855
1092,2021-08-29,India,32737939,42909.0,41233.28571428572
453,2021-08-30,India,32768880,30941.0,42015.28571428572
450,2021-08-31,India,32810845,41965.0,42639.857142857145
303,2021-09-01,India,32857937,47092.0,42772.42857142857
840,2021-09-02,India,32903289,45352.0,42871.57142857143
837,2021-09-03,India,32945907,42618.0,42280.0
1440,2021-09-04,India,32988673,42766.0,41949.0
1443,2021-09-05,India,33027621,38948.0,41383.142857142855
546,2021-09-06,India,33058843,31222.0,41423.28571428572
543,2021-09-07,India,33096718,37875.0,40839.0
996,2021-09-08,India,33139981,43263.0,40292.0
987,2021-09-09,India,33174954,34973.0,38809.28571428572
783,2021-09-10,India,33208330,33376.0,37489.0
786,2021-09-11,India,33236921,28591.0,35464.0
1275,2021-09-12,India,33264175,27254.0,33793.42857142857
1272,2021-09-13,India,33289579,25404.0,32962.28571428572
1095,2021-09-14,India,33316755,27176.0,31433.85714285714
1098,2021-09-15,India,33347325,30570.0,29620.571428571428
150,2021-09-16,India,33381728,34403.0,29539.14285714286
147,2021-09-17,India,33417390,35662.0,29865.714285714286
1341,2021-09-18,India,33448163,30773.0,30177.428571428572
1338,2021-09-19,India,33478419,30256.0,30606.285714285714
1188,2021-09-20,India,33504534,26115.0,30707.85714285714
1191,2021-09-21,India,33531498,26964.0,30677.571428571428
54,2021-09-22,India,33563421,31923.0,30870.85714285714
51,2021-09-23,India,33594803,31382.0,30439.285714285714
705,2021-09-24,India,33624419,29616.0,29575.571428571428
708,2021-09-25,India,33652745,28326.0,29226.0
1386,2021-09-26,India,33678786,26041.0,28623.85714285714
1383,2021-09-27,India,33697581,18795.0,27578.14285714286
186,2021-09-28,India,33716451,18870.0,26421.85714285714
177,2021-09-29,India,33739980,23529.0,25222.714285714286
1629,2021-09-30,India,33766707,26727.0,24557.714285714286
57,2021-10-01,India,33791061,24354.0,23806.0
1197,2021-10-02,India,33813903,22842.0,23022.571428571428
1194,2021-10-03,India,33834702,20799.0,22273.714285714286
1389,2021-10-04,India,33853048,18346.0,22209.571428571428
1392,2021-10-05,India,33871881,18833.0,22204.285714285714
714,2021-10-06,India,33894312,22431.0,22047.428571428572
711,2021-10-07,India,33915569,21257.0,21266.0
1134,2021-10-08,India,33935309,19740.0,20606.85714285714
1131,2021-10-09,India,33953475,18166.0,19938.85714285714
507,2021-10-10,India,33971607,18132.0,19557.85714285714
510,2021-10-11,India,33985920,14313.0,18981.714285714286
1623,2021-10-12,India,34001743,15823.0,18551.714285714286
1620,2021-10-13,India,34020730,18987.0,18059.714285714286
1044,2021-10-14,India,34037592,16862.0,17431.85714285714
1047,2021-10-15,India,34053573,15981.0,16894.85714285714
294,2021-10-16,India,34067719,14146.0,16320.57142857143
291,2021-10-17,India,34081315,13596.0,15672.57142857143
1506,2021-10-18,India,34094373,13058.0,15493.285714285714
1503,2021-10-19,India,34108996,14623.0,15321.857142857143
843,2021-10-20,India,34127450,18454.0,15245.714285714286
846,2021-10-21,India,34143236,15786.0,15092.0
309,2021-10-22,India,34159562,16326.0,15141.285714285714
306,2021-10-23,India,34175468,15906.0,15392.714285714286
549,2021-10-24,India,34189774,14306.0,15494.142857142857
552,2021-10-25,India,34202202,12428.0,15404.142857142857
1449,2021-10-26,India,34215653,13451.0,15236.714285714286
1446,2021-10-27,India,34231809,16156.0,14908.42857142857
234,2021-10-28,India,34246157,14348.0,14703.0
231,2021-10-29,India,34260470,14313.0,14415.42857142857
1266,2021-10-30,India,34273300,12830.0,13976.0
1269,2021-10-31,India,34285814,12514.0,13720.0
1143,2021-11-01,India,34296237,10423.0,13433.57142857143
6,2021-11-02,India,34308140,11903.0,13212.42857142857
9,2021-11-03,India,34321025,12885.0,12745.142857142857
645,2021-11-04,India,34333754,12729.0,12513.857142857143
642,2021-11-05,India,34344683,10929.0,12030.42857142857
1326,2021-11-06,India,34355509,10826.0,11744.142857142857
1329,2021-11-07,India,34366987,11478.0,11596.142857142857
138,2021-11-08,India,34377113,10126.0,11553.714285714286
141,2021-11-09,India,34388579,11466.0,11491.285714285714
1581,2021-11-10,India,34401670,13091.0,11520.714285714286
1578,2021-11-11,India,34414186,12516.0,11490.285714285714
459,2021-11-12,India,34426036,11850.0,11621.857142857143
462,2021-11-13,India,34437307,11271.0,11685.42857142857
222,2021-11-14,India,34447536,10229.0,11507.0
219,2021-11-15,India,34456401,8865.0,11326.857142857143
975,2021-11-16,India,34466598,10197.0,11145.57142857143
978,2021-11-17,India,34478517,11919.0,10978.142857142857
531,2021-11-18,India,34489623,11106.0,10776.714285714286
534,2021-11-19,India,34499925,10302.0,10555.57142857143
375,2021-11-20,India,34510413,10488.0,10443.714285714286
372,2021-11-21,India,34518901,8488.0,10195.0
912,2021-11-22,India,34526480,7579.0,10011.285714285714
915,2021-11-23,India,34535763,9283.0,9880.714285714286
1488,2021-11-24,India,34544882,9119.0,9480.714285714286
1485,2021-11-25,India,34555431,10549.0,9401.142857142857
591,2021-11-26,India,34563749,8318.0,9117.714285714286
594,2021-11-27,India,34572523,8774.0,8872.857142857143
1032,2021-11-28,India,34580832,8309.0,8847.285714285714
1035,2021-11-29,India,34587822,6990.0,8763.142857142857
834,2021-11-30,India,34596776,8954.0,8716.142857142857
1323,2021-12-01,India,34606541,9765.0,8808.42857142857
694,2020-06-01,Mexico,93435,,
1369,2020-06-02,Mexico,97326,3891.0,
1366,2020-06-03,Mexico,101238,3912.0,
1165,2020-06-04,Mexico,105680,4442.0,
1168,2020-06-05,Mexico,110026,4346.0,
28,2020-06-06,Mexico,113619,3593.0,
25,2020-06-07,Mexico,117103,3484.0,
1252,2020-06-08,Mexico,120102,2999.0,3809.5714285714284
1243,2020-06-09,Mexico,124301,4199.0,3853.5714285714284
211,2020-06-10,Mexico,129184,4883.0,3992.285714285714
214,2020-06-11,Mexico,133974,4790.0,4042.0
961,2020-06-12,Mexico,139196,5222.0,4167.142857142857
958,2020-06-13,Mexico,142690,3494.0,4153.0
1546,2020-06-14,Mexico,146837,4147.0,4247.714285714285
1549,2020-06-15,Mexico,150264,3427.0,4308.857142857143
421,2020-06-16,Mexico,154863,4599.0,4366.0
418,2020-06-17,Mexico,159793,4930.0,4372.714285714285
877,2020-06-18,Mexico,165455,5662.0,4497.285714285715
874,2020-06-19,Mexico,170485,5030.0,4469.857142857143
1534,2020-06-20,Mexico,175202,4717.0,4644.571428571428
1537,2020-06-21,Mexico,180545,5343.0,4815.428571428572
640,2020-06-22,Mexico,185122,4577.0,4979.714285714285
637,2020-06-23,Mexico,191410,6288.0,5221.0
391,2020-06-24,Mexico,196847,5437.0,5293.428571428572
394,2020-06-25,Mexico,202951,6104.0,5356.571428571428
937,2020-06-26,Mexico,208392,5441.0,5415.285714285715
934,2020-06-27,Mexico,212802,4410.0,5371.428571428572
481,2020-06-28,Mexico,216852,4050.0,5186.714285714285
472,2020-06-29,Mexico,220657,3805.0,5076.428571428572
1111,2020-06-30,Mexico,226089,5432.0,4954.142857142857
1396,2020-07-01,Mexico,231770,5681.0,4989.0
724,2020-07-02,Mexico,238511,6741.0,5080.0
727,2020-07-03,Mexico,245251,6740.0,5265.571428571428
94,2020-07-04,Mexico,252165,6914.0,5623.285714285715
91,2020-07-05,Mexico,256848,4683.0,5713.714285714285
1222,2020-07-06,Mexico,261750,4902.0,5870.428571428572
1225,2020-07-07,Mexico,268008,6258.0,5988.428571428572
805,2020-07-08,Mexico,275003,6995.0,6176.142857142857
814,2020-07-09,Mexico,282283,7280.0,6253.142857142857
1006,2020-07-10,Mexico,289174,6891.0,6274.714285714285
1003,2020-07-11,Mexico,295268,6094.0,6157.571428571428
256,2020-07-12,Mexico,299750,4482.0,6128.857142857143
259,2020-07-13,Mexico,304435,4685.0,6097.857142857143
499,2020-07-14,Mexico,311486,7051.0,6211.142857142857
496,2020-07-15,Mexico,317635,6149.0,6090.285714285715
1609,2020-07-16,Mexico,324041,6406.0,5965.428571428572
1612,2020-07-17,Mexico,331298,7257.0,6017.714285714285
406,2020-07-18,Mexico,338913,7615.0,6235.0
409,2020-07-19,Mexico,344224,5311.0,6353.428571428572
565,2020-07-20,Mexico,349396,5172.0,6423.0
562,2020-07-21,Mexico,356255,6859.0,6395.571428571428
1453,2020-07-22,Mexico,362274,6019.0,6377.0
1456,2020-07-23,Mexico,370712,8438.0,6667.285714285715
892,2020-07-24,Mexico,378285,7573.0,6712.428571428572
889,2020-07-25,Mexico,385036,6751.0,6589.0
343,2020-07-26,Mexico,390516,5480.0,6613.142857142857
346,2020-07-27,Mexico,395489,4973.0,6584.714285714285
1552,2020-07-28,Mexico,402697,7208.0,6634.571428571428
1558,2020-07-29,Mexico,408449,5752.0,6596.428571428572
121,2020-07-30,Mexico,416179,7730.0,6495.285714285715
118,2020-07-31,Mexico,424637,8458.0,6621.714285714285
880,2020-08-01,Mexico,434193,9556.0,7022.428571428572
328,2020-08-02,Mexico,439046,4853.0,6932.857142857143
325,2020-08-03,Mexico,443813,4767.0,6903.428571428572
574,2020-08-04,Mexico,449961,6148.0,6752.0
577,2020-08-05,Mexico,456100,6139.0,6807.285714285715
1477,2020-08-06,Mexico,462690,6590.0,6644.428571428572
1474,2020-08-07,Mexico,469407,6717.0,6395.714285714285
217,2020-08-08,Mexico,475902,6495.0,5958.428571428572
208,2020-08-09,Mexico,480278,4376.0,5890.285714285715
1246,2020-08-10,Mexico,485836,5558.0,6003.285714285715
1249,2020-08-11,Mexico,492522,6686.0,6080.142857142857
760,2020-08-12,Mexico,498380,5858.0,6040.0
757,2020-08-13,Mexico,505751,7371.0,6151.571428571428
127,2020-08-14,Mexico,511369,5618.0,5994.571428571428
130,2020-08-15,Mexico,517714,6345.0,5973.142857142857
1078,2020-08-16,Mexico,522162,4448.0,5983.428571428572
1075,2020-08-17,Mexico,525733,3571.0,5699.571428571428
691,2020-08-18,Mexico,531239,5506.0,5531.0
688,2020-08-19,Mexico,537031,5792.0,5521.571428571428
67,2020-08-20,Mexico,543806,6775.0,5436.428571428572
70,2020-08-21,Mexico,549734,5928.0,5480.714285714285
1210,2020-08-22,Mexico,556216,6482.0,5500.285714285715
1207,2020-08-23,Mexico,560164,3948.0,5428.857142857143
1417,2020-08-24,Mexico,563705,3541.0,5424.571428571428
1420,2020-08-25,Mexico,568621,4916.0,5340.285714285715
739,2020-08-26,Mexico,573888,5267.0,5265.285714285715
736,2020-08-27,Mexico,579914,6026.0,5158.285714285715
1114,2020-08-28,Mexico,585738,5824.0,5143.428571428572
1108,2020-08-29,Mexico,591712,5974.0,5070.857142857143
475,2020-08-30,Mexico,595841,4129.0,5096.714285714285
478,2020-08-31,Mexico,599560,3719.0,5122.142857142857
403,2020-09-01,Mexico,606036,6476.0,5345.0
946,2020-09-02,Mexico,610957,4921.0,5295.571428571428
949,2020-09-03,Mexico,616894,5937.0,5282.857142857143
1525,2020-09-04,Mexico,623090,6196.0,5336.0
1522,2020-09-05,Mexico,629409,6319.0,5385.285714285715
622,2020-09-06,Mexico,634023,4614.0,5454.571428571428
625,2020-09-07,Mexico,637509,3486.0,5421.285714285715
1000,2020-09-08,Mexico,642860,5351.0,5260.571428571428
1009,2020-09-09,Mexico,647321,4461.0,5194.857142857143
811,2020-09-10,Mexico,652364,5043.0,5067.142857142857
808,2020-09-11,Mexico,658299,5935.0,5029.857142857143
1291,2020-09-12,Mexico,663973,5674.0,4937.714285714285
1294,2020-09-13,Mexico,668381,4408.0,4908.285714285715
1105,2020-09-14,Mexico,671716,3335.0,4886.714285714285
1102,2020-09-15,Mexico,676487,4771.0,4803.857142857143
154,2020-09-16,Mexico,680931,4444.0,4801.428571428572
157,2020-09-17,Mexico,684113,3182.0,4535.571428571428
1399,2020-09-18,Mexico,688954,4841.0,4379.285714285715
1402,2020-09-19,Mexico,694121,5167.0,4306.857142857143
1186,2020-09-20,Mexico,697663,3542.0,4183.142857142857
1183,2020-09-21,Mexico,700580,2917.0,4123.428571428572
40,2020-09-22,Mexico,705263,4683.0,4110.857142857143
43,2020-09-23,Mexico,710049,4786.0,4159.714285714285
673,2020-09-24,Mexico,715457,5408.0,4477.714285714285
670,2020-09-25,Mexico,720858,5401.0,4557.714285714285
1354,2020-09-26,Mexico,726431,5573.0,4615.714285714285
1357,2020-09-27,Mexico,730317,3886.0,4664.857142857143
115,2020-09-28,Mexico,733717,3400.0,4733.857142857143
124,2020-09-29,Mexico,738163,4446.0,4700.0
1555,2020-09-30,Mexico,743216,5053.0,4738.142857142857
34,2020-10-01,Mexico,748315,5099.0,4694.0
1177,2020-10-02,Mexico,753090,4775.0,4604.571428571428
1180,2020-10-03,Mexico,757953,4863.0,4503.142857142857
1351,2020-10-04,Mexico,761665,3712.0,4478.285714285715
1348,2020-10-05,Mexico,789780,28115.0,8009.0
664,2020-10-06,Mexico,794608,4828.0,8063.571428571428
667,2020-10-07,Mexico,799188,4580.0,7996.0
1051,2020-10-08,Mexico,804488,5300.0,8024.714285714285
1057,2020-10-09,Mexico,810020,5532.0,8132.857142857143
433,2020-10-10,Mexico,814328,4308.0,8053.571428571428
427,2020-10-11,Mexico,817503,3175.0,7976.857142857143
1561,2020-10-12,Mexico,821045,3542.0,4466.428571428572
1564,2020-10-13,Mexico,825340,4295.0,4390.285714285715
955,2020-10-14,Mexico,829396,4056.0,4315.428571428572
952,2020-10-15,Mexico,834910,5514.0,4346.0
196,2020-10-16,Mexico,841661,6751.0,4520.142857142857
199,2020-10-17,Mexico,847108,5447.0,4682.857142857143
1459,2020-10-18,Mexico,851227,4119.0,4817.714285714285
1462,2020-10-19,Mexico,854926,3699.0,4840.142857142857
943,2020-10-20,Mexico,860714,5788.0,5053.428571428572
940,2020-10-21,Mexico,867559,6845.0,5451.857142857143
397,2020-10-22,Mexico,874171,6612.0,5608.714285714285
400,2020-10-23,Mexico,880775,6604.0,5587.714285714285
619,2020-10-24,Mexico,886800,6025.0,5670.285714285715
616,2020-10-25,Mexico,891160,4360.0,5704.714285714285
1516,2020-10-26,Mexico,895326,4166.0,5771.428571428572
1519,2020-10-27,Mexico,901268,5942.0,5793.428571428572
250,2020-10-28,Mexico,906863,5595.0,5614.857142857143
253,2020-10-29,Mexico,912811,5948.0,5520.0
1300,2020-10-30,Mexico,918811,6000.0,5433.714285714285
1297,2020-10-31,Mexico,924962,6151.0,5451.714285714285
1219,2020-11-01,Mexico,929392,4430.0,5461.714285714285
76,2020-11-02,Mexico,933155,3763.0,5404.142857142857
73,2020-11-03,Mexico,938405,5250.0,5305.285714285715
742,2020-11-04,Mexico,943630,5225.0,5252.428571428572
745,2020-11-05,Mexico,949197,5567.0,5198.0
1426,2020-11-06,Mexico,955128,5931.0,5188.142857142857
1423,2020-11-07,Mexico,961938,6810.0,5282.285714285715
166,2020-11-08,Mexico,967825,5887.0,5490.428571428572
160,2020-11-09,Mexico,972785,4960.0,5661.428571428572
1600,2020-11-10,Mexico,978531,5746.0,5732.285714285715
1606,2020-11-11,Mexico,986177,7646.0,6078.142857142857
469,2020-11-12,Mexico,991835,5658.0,6091.142857142857
466,2020-11-13,Mexico,997393,5558.0,6037.857142857143
262,2020-11-14,Mexico,1003253,5860.0,5902.142857142857
265,2020-11-15,Mexico,1006522,3269.0,5528.142857142857
1024,2020-11-16,Mexico,1009396,2874.0,5230.142857142857
1021,2020-11-17,Mexico,1011153,1757.0,4660.285714285715
634,2020-11-18,Mexico,1015071,3918.0,4127.714285714285
628,2020-11-19,Mexico,1019543,4472.0,3958.285714285714
331,2020-11-20,Mexico,1025969,6426.0,4082.285714285714
334,2020-11-21,Mexico,1032688,6719.0,4205.0
886,2020-11-22,Mexico,1041875,9187.0,5050.428571428572
883,2020-11-23,Mexico,1049358,7483.0,5708.857142857143
1480,2020-11-24,Mexico,1060152,10794.0,6999.857142857143
1483,2020-11-25,Mexico,1070487,10335.0,7916.571428571428
583,2020-11-26,Mexico,1078594,8107.0,8435.857142857143
580,2020-11-27,Mexico,1090675,12081.0,9243.714285714286
973,2020-11-28,Mexico,1101403,10728.0,9816.42857142857
967,2020-11-29,Mexico,1107071,5668.0,9313.714285714286
748,2020-11-30,Mexico,1113543,6472.0,9169.285714285714
1240,2020-12-01,Mexico,1122362,8819.0,8887.142857142857
766,2020-12-02,Mexico,1133613,11251.0,9018.0
763,2020-12-03,Mexico,1144643,11030.0,9435.57142857143
133,2020-12-04,Mexico,1156770,12127.0,9442.142857142857
136,2020-12-05,Mexico,1168395,11625.0,9570.285714285714
1072,2020-12-06,Mexico,1175850,7455.0,9825.57142857143
1069,2020-12-07,Mexico,1182249,6399.0,9815.142857142857
679,2020-12-08,Mexico,1193255,11006.0,10127.57142857143
676,2020-12-09,Mexico,1205229,11974.0,10230.857142857143
868,2020-12-10,Mexico,1217126,11897.0,10354.714285714286
871,2020-12-11,Mexico,1229379,12253.0,10372.714285714286
340,2020-12-12,Mexico,1241436,12057.0,10434.42857142857
337,2020-12-13,Mexico,1250044,8608.0,10599.142857142857
586,2020-12-14,Mexico,1255974,5930.0,10532.142857142857
589,2020-12-15,Mexico,1267202,11228.0,10563.857142857143
1471,2020-12-16,Mexico,1277499,10297.0,10324.285714285714
1468,2020-12-17,Mexico,1289298,11799.0,10310.285714285714
205,2020-12-18,Mexico,1301546,12248.0,10309.57142857143
202,2020-12-19,Mexico,1313675,12129.0,10319.857142857143
484,2020-12-20,Mexico,1320545,6870.0,10071.57142857143
487,2020-12-21,Mexico,1325915,5370.0,9991.57142857143
1594,2020-12-22,Mexico,1338426,12511.0,10174.857142857143
1591,2020-12-23,Mexico,1350079,11653.0,10368.57142857143
1015,2020-12-24,Mexico,1362564,12485.0,10466.57142857143
1018,2020-12-25,Mexico,1372243,9679.0,10099.57142857143
271,2020-12-26,Mexico,1377217,4974.0,9077.42857142857
268,2020-12-27,Mexico,1383434,6217.0,8984.142857142857
1543,2020-12-28,Mexico,1389430,5996.0,9073.57142857143
1540,2020-12-29,Mexico,1401529,12099.0,9014.714285714286
79,2020-12-30,Mexico,1413935,12406.0,9122.285714285714
82,2020-12-31,Mexico,1426094,12159.0,9075.714285714286
1012,2021-01-01,Mexico,1437185,11091.0,9277.42857142857
247,2021-01-02,Mexico,1443544,6359.0,9475.285714285714
244,2021-01-03,Mexico,1448755,5211.0,9331.57142857143
490,2021-01-04,Mexico,1455219,6464.0,9398.42857142857
493,2021-01-05,Mexico,1466490,11271.0,9280.142857142857
1618,2021-01-06,Mexico,1479835,13345.0,9414.285714285714
1615,2021-01-07,Mexico,1493569,13734.0,9639.285714285714
415,2021-01-08,Mexico,1507931,14362.0,10106.57142857143
412,2021-01-09,Mexico,1524036,16105.0,11498.857142857143
1411,2021-01-10,Mexico,1534039,10003.0,12183.42857142857
1414,2021-01-11,Mexico,1541633,7594.0,12344.857142857143
721,2021-01-12,Mexico,1556028,14395.0,12791.142857142857
718,2021-01-13,Mexico,1571901,15873.0,13152.285714285714
85,2021-01-14,Mexico,1588369,16468.0,13542.857142857143
88,2021-01-15,Mexico,1609735,21366.0,14543.42857142857
1237,2021-01-16,Mexico,1630258,20523.0,15174.57142857143
1234,2021-01-17,Mexico,1641428,11170.0,15341.285714285714
820,2021-01-18,Mexico,1649502,8074.0,15409.857142857143
817,2021-01-19,Mexico,1668396,18894.0,16052.57142857143
103,2021-01-20,Mexico,1688944,20548.0,16720.428571428572
106,2021-01-21,Mexico,1711283,22339.0,17559.14285714286
1066,2021-01-22,Mexico,1732290,21007.0,17507.85714285714
1063,2021-01-23,Mexico,1752347,20057.0,17441.285714285714
1261,2021-01-24,Mexico,1763219,10872.0,17398.714285714286
1264,2021-01-25,Mexico,1771740,8521.0,17462.571428571428
772,2021-01-26,Mexico,1788905,17165.0,17215.571428571428
769,2021-01-27,Mexico,1806849,17944.0,16843.571428571428
1174,2021-01-28,Mexico,1825519,18670.0,16319.42857142857
1171,2021-01-29,Mexico,1841893,16374.0,15657.57142857143
556,2021-01-30,Mexico,1857230,15337.0,14983.285714285714
559,2021-01-31,Mexico,1864260,7030.0,14434.42857142857
1465,2021-02-01,Mexico,1869708,5448.0,13995.42857142857
571,2021-02-02,Mexico,1874092,4384.0,12169.57142857143
568,2021-02-03,Mexico,1886245,12153.0,11342.285714285714
349,2021-02-04,Mexico,1886245,0.0,8675.142857142857
352,2021-02-05,Mexico,1912871,26626.0,10139.714285714286
898,2021-02-06,Mexico,1926080,13209.0,9835.714285714286
895,2021-02-07,Mexico,1932145,6065.0,9697.857142857143
430,2021-02-08,Mexico,1936013,3868.0,9472.142857142857
424,2021-02-09,Mexico,1946751,10738.0,10379.857142857143
1054,2021-02-10,Mexico,1957889,11138.0,10234.857142857143
1060,2021-02-11,Mexico,1968566,10677.0,11760.142857142857
112,2021-02-12,Mexico,1978954,10388.0,9440.42857142857
109,2021-02-13,Mexico,1988695,9741.0,8945.0
775,2021-02-14,Mexico,1992794,4099.0,8664.142857142857
778,2021-02-15,Mexico,1995892,3098.0,8554.142857142857
1258,2021-02-16,Mexico,2004575,8683.0,8260.57142857143
1255,2021-02-17,Mexico,2013563,8988.0,7953.428571428572
37,2021-02-18,Mexico,2022662,9099.0,7728.0
31,2021-02-19,Mexico,2030491,7829.0,7362.428571428572
730,2021-02-20,Mexico,2038276,7785.0,7083.0
733,2021-02-21,Mexico,2041380,3104.0,6940.857142857143
1408,2021-02-22,Mexico,2043632,2252.0,6820.0
1405,2021-02-23,Mexico,2052266,8634.0,6813.0
1228,2021-02-24,Mexico,2060908,8642.0,6763.571428571428
1231,2021-02-25,Mexico,2069370,8462.0,6672.571428571428
100,2021-02-26,Mexico,2076882,7512.0,6627.285714285715
97,2021-02-27,Mexico,2084128,7246.0,6550.285714285715
1303,2021-02-28,Mexico,2086938,2810.0,6508.285714285715
631,2021-03-01,Mexico,2089281,2343.0,6521.285714285715
1528,2021-03-02,Mexico,2097194,7913.0,6418.285714285715
1531,2021-03-03,Mexico,2104987,7793.0,6297.0
931,2021-03-04,Mexico,2112508,7521.0,6162.571428571428
928,2021-03-05,Mexico,2119305,6797.0,6060.428571428572
385,2021-03-06,Mexico,2125866,6561.0,5962.571428571428
388,2021-03-07,Mexico,2128600,2734.0,5951.714285714285
1597,2021-03-08,Mexico,2130477,1877.0,5885.142857142857
1603,2021-03-09,Mexico,2137884,7407.0,5812.857142857143
169,2021-03-10,Mexico,2144486,6602.0,5642.714285714285
163,2021-03-11,Mexico,2150955,6469.0,5492.428571428572
1117,2021-03-12,Mexico,2157771,6816.0,5495.142857142857
1120,2021-03-13,Mexico,2163875,6104.0,5429.857142857143
1288,2021-03-14,Mexico,2166290,2415.0,5384.285714285715
1285,2021-03-15,Mexico,2167729,1439.0,5321.714285714285
799,2021-03-16,Mexico,2169007,1278.0,4446.142857142857
802,2021-03-17,Mexico,2175462,6455.0,4425.142857142857
1213,2021-03-18,Mexico,2182188,6726.0,4461.857142857143
1216,2021-03-19,Mexico,2187910,5722.0,4305.571428571428
1363,2021-03-20,Mexico,2193639,5729.0,4252.0
1360,2021-03-21,Mexico,2195772,2133.0,4211.714285714285
682,2021-03-22,Mexico,2197160,1388.0,4204.428571428572
685,2021-03-23,Mexico,2203041,5881.0,4862.0
22,2021-03-24,Mexico,2208755,5714.0,4756.142857142857
19,2021-03-25,Mexico,2214542,5787.0,4622.0
1159,2021-03-26,Mexico,2219845,5303.0,4562.142857142857
1162,2021-03-27,Mexico,2224904,5059.0,4466.428571428572
751,2021-03-28,Mexico,2226550,1646.0,4396.857142857143
754,2021-03-29,Mexico,2227843,1293.0,4383.285714285715
970,2021-03-30,Mexico,2232910,5067.0,4267.0
964,2021-03-31,Mexico,2238887,5977.0,4304.571428571428
1129,2021-04-01,Mexico,2244268,5381.0,4246.571428571428
193,2021-04-02,Mexico,2247357,3089.0,3930.285714285714
190,2021-04-03,Mexico,2249195,1838.0,3470.1428571428573
823,2021-04-04,Mexico,2250458,1263.0,3415.4285714285716
826,2021-04-05,Mexico,2251705,1247.0,3408.8571428571427
1309,2021-04-06,Mexico,2256509,4804.0,3371.285714285714
1306,2021-04-07,Mexico,2261879,5370.0,3284.5714285714284
49,2021-04-08,Mexico,2267019,5140.0,3250.1428571428573
46,2021-04-09,Mexico,2272064,5045.0,3529.5714285714284
1498,2021-04-10,Mexico,2278420,6356.0,4175.0
1501,2021-04-11,Mexico,2280213,1793.0,4250.714285714285
613,2021-04-12,Mexico,2281840,1627.0,4305.0
610,2021-04-13,Mexico,2286352,4512.0,4263.285714285715
361,2021-04-14,Mexico,2291246,4894.0,4195.285714285715
364,2021-04-15,Mexico,2295435,4189.0,4059.4285714285716
904,2021-04-16,Mexico,2299939,4504.0,3982.1428571428573
901,2021-04-17,Mexico,2304096,4157.0,3668.0
505,2021-04-18,Mexico,2305602,1506.0,3627.0
502,2021-04-19,Mexico,2306910,1308.0,3581.4285714285716
238,2021-04-20,Mexico,2311172,4262.0,3545.714285714286
241,2021-04-21,Mexico,2315811,4639.0,3509.285714285714
985,2021-04-22,Mexico,2319519,3708.0,3440.5714285714284
982,2021-04-23,Mexico,2323430,3911.0,3355.8571428571427
1567,2021-04-24,Mexico,2326738,3308.0,3234.5714285714284
1570,2021-04-25,Mexico,2328391,1653.0,3255.5714285714284
445,2021-04-26,Mexico,2329534,1143.0,3232.0
442,2021-04-27,Mexico,2333126,3592.0,3136.285714285714
853,2021-04-28,Mexico,2336944,3818.0,3019.0
850,2021-04-29,Mexico,2340934,3990.0,3059.285714285714
661,2021-04-30,Mexico,2344755,3821.0,3046.4285714285716
145,2021-05-01,Mexico,2347780,3025.0,3006.0
1081,2021-05-02,Mexico,2348873,1093.0,2926.0
1084,2021-05-03,Mexico,2349900,1027.0,2909.4285714285716
1282,2021-05-04,Mexico,2352964,3064.0,2834.0
1279,2021-05-05,Mexico,2355985,3021.0,2720.1428571428573
793,2021-05-06,Mexico,2358831,2846.0,2556.714285714286
796,2021-05-07,Mexico,2361874,3043.0,2445.5714285714284
1153,2021-05-08,Mexico,2364617,2743.0,2405.285714285714
1156,2021-05-09,Mexico,2365792,1175.0,2417.0
541,2021-05-10,Mexico,2366496,704.0,2370.8571428571427
538,2021-05-11,Mexico,2368393,1897.0,2204.1428571428573
1429,2021-05-12,Mexico,2371483,3090.0,2214.0
1432,2021-05-13,Mexico,2375115,3632.0,2326.285714285714
859,2021-05-14,Mexico,2377995,2880.0,2303.0
856,2021-05-15,Mexico,2380690,2695.0,2296.1428571428573
319,2021-05-16,Mexico,2381923,1233.0,2304.4285714285716
322,2021-05-17,Mexico,2382745,822.0,2321.285714285714
1585,2021-05-18,Mexico,2385512,2767.0,2445.5714285714284
1588,2021-05-19,Mexico,2387512,2000.0,2289.8571428571427
1030,2021-05-20,Mexico,2390140,2628.0,2146.4285714285716
1027,2021-05-21,Mexico,2392744,2604.0,2107.0
286,2021-05-22,Mexico,2395330,2586.0,2091.4285714285716
289,2021-05-23,Mexico,2396604,1274.0,2097.285714285714
523,2021-05-24,Mexico,2397307,703.0,2080.285714285714
520,2021-05-25,Mexico,2399790,2483.0,2039.7142857142858
1636,2021-05-26,Mexico,2402722,2932.0,2172.8571428571427
1639,2021-05-27,Mexico,2405772,3050.0,2233.1428571428573
367,2021-05-28,Mexico,2408778,3006.0,2290.5714285714284
370,2021-05-29,Mexico,2411503,2725.0,2310.4285714285716
1375,2021-05-30,Mexico,2412810,1307.0,2315.1428571428573
1372,2021-05-31,Mexico,2413742,932.0,2347.8571428571427
697,2021-06-01,Mexico,2420659,6917.0,2981.285714285714
1378,2021-06-02,Mexico,2423928,3269.0,3029.4285714285716
1381,2021-06-03,Mexico,2426822,2894.0,3007.1428571428573
1204,2021-06-04,Mexico,2429631,2809.0,2979.0
1201,2021-06-05,Mexico,2431702,2071.0,2885.5714285714284
61,2021-06-06,Mexico,2433681,1979.0,2981.5714285714284
64,2021-06-07,Mexico,2434562,881.0,2974.285714285714
1312,2021-06-08,Mexico,2438011,3449.0,2478.8571428571427
1321,2021-06-09,Mexico,2441866,3855.0,2562.5714285714284
280,2021-06-10,Mexico,2445538,3672.0,2673.714285714286
277,2021-06-11,Mexico,2448820,3282.0,2741.285714285714
1039,2021-06-12,Mexico,2452469,3649.0,2966.714285714286
1042,2021-06-13,Mexico,2454176,1707.0,2927.8571428571427
1645,2021-06-14,Mexico,2455351,1175.0,2969.8571428571427
1642,2021-06-15,Mexico,2459601,4250.0,3084.285714285714
514,2021-06-16,Mexico,2463390,3789.0,3074.8571428571427
517,2021-06-17,Mexico,2467643,4253.0,3157.8571428571427
922,2021-06-18,Mexico,2471741,4098.0,3274.4285714285716
925,2021-06-19,Mexico,2471741,0.0,2753.1428571428573
1438,2021-06-20,Mexico,2477283,5542.0,3301.0
1435,2021-06-21,Mexico,2478551,1268.0,3314.285714285714
526,2021-06-22,Mexico,2482784,4233.0,3311.8571428571427
529,2021-06-23,Mexico,2487747,4963.0,3479.5714285714284
316,2021-06-24,Mexico,2493087,5340.0,3634.8571428571427
313,2021-06-25,Mexico,2498357,5270.0,3802.285714285714
862,2021-06-26,Mexico,2503408,5051.0,4523.857142857143
865,2021-06-27,Mexico,2505792,2384.0,4072.714285714286
448,2021-06-28,Mexico,2507453,1661.0,4128.857142857143
457,2021-06-29,Mexico,2513164,5711.0,4340.0
1090,2021-06-30,Mexico,2519269,6105.0,4503.142857142857
1345,2021-07-01,Mexico,2525350,6081.0,4609.0
658,2021-07-02,Mexico,2531192,5842.0,4690.714285714285
655,2021-07-03,Mexico,2537457,6265.0,4864.142857142857
1,2021-07-04,Mexico,2540068,2611.0,4896.571428571428
4,2021-07-05,Mexico,2541873,1805.0,4917.142857142857
1141,2021-07-06,Mexico,2549862,7989.0,5242.571428571428
1138,2021-07-07,Mexico,2558369,8507.0,5585.714285714285
790,2021-07-08,Mexico,2567821,9452.0,6067.285714285715
781,2021-07-09,Mexico,2577140,9319.0,6564.0
991,2021-07-10,Mexico,2586721,9581.0,7037.714285714285
994,2021-07-11,Mexico,2590500,3779.0,7204.571428571428
229,2021-07-12,Mexico,2593574,3074.0,7385.857142857143
226,2021-07-13,Mexico,2604711,11137.0,7835.571428571428
436,2021-07-14,Mexico,2616827,12116.0,8351.142857142857
439,2021-07-15,Mexico,2629648,12821.0,8832.42857142857
1576,2021-07-16,Mexico,2642068,12420.0,9275.42857142857
1573,2021-07-17,Mexico,2654699,12631.0,9711.142857142857
301,2021-07-18,Mexico,2659137,4438.0,9805.285714285714
298,2021-07-19,Mexico,2664444,5307.0,10124.285714285714
604,2021-07-20,Mexico,2678297,13853.0,10512.285714285714
607,2021-07-21,Mexico,2693495,15198.0,10952.57142857143
1513,2021-07-22,Mexico,2709739,16244.0,11441.57142857143
1510,2021-07-23,Mexico,2726160,16421.0,12013.142857142857
907,2021-07-24,Mexico,2741983,15823.0,12469.142857142857
910,2021-07-25,Mexico,2748518,6535.0,12768.714285714286
358,2021-07-26,Mexico,2754438,5920.0,12856.285714285714
355,2021-07-27,Mexico,2771846,17408.0,13364.142857142857
1633,2021-07-28,Mexico,2790874,19028.0,13911.285714285714
1627,2021-07-29,Mexico,2810097,19223.0,14336.857142857143
181,2021-07-30,Mexico,2829443,19346.0,14754.714285714286
184,2021-07-31,Mexico,2848252,18809.0,15181.285714285714
919,2021-08-01,Mexico,2854992,6740.0,15210.57142857143
379,2021-08-02,Mexico,2861498,6506.0,15294.285714285714
382,2021-08-03,Mexico,2880409,18911.0,15509.0
601,2021-08-04,Mexico,2901094,20685.0,15745.714285714286
598,2021-08-05,Mexico,2922663,21569.0,16080.857142857143
1492,2021-08-06,Mexico,2944226,21563.0,16397.571428571428
1495,2021-08-07,Mexico,2964244,20018.0,16570.285714285714
274,2021-08-08,Mexico,2971817,7573.0,16689.285714285714
283,2021-08-09,Mexico,2978330,6513.0,16690.285714285714
1318,2021-08-10,Mexico,2997885,19555.0,16782.285714285714
1315,2021-08-11,Mexico,3020596,22711.0,17071.714285714286
829,2021-08-12,Mexico,3045571,24975.0,17558.285714285714
832,2021-08-13,Mexico,3068329,22758.0,17729.0
175,2021-08-14,Mexico,3091971,23642.0,18246.714285714286
172,2021-08-15,Mexico,3091971,0.0,17164.85714285714
1123,2021-08-16,Mexico,3108438,16467.0,18586.85714285714
1126,2021-08-17,Mexico,3123252,14814.0,17909.571428571428
700,2021-08-18,Mexico,3152205,28953.0,18801.285714285714
703,2021-08-19,Mexico,3175374,23169.0,18543.285714285714
16,2021-08-20,Mexico,3197108,21734.0,18397.0
13,2021-08-21,Mexico,3217415,20307.0,17920.571428571428
1147,2021-08-22,Mexico,3225073,7658.0,19014.571428571428
1150,2021-08-23,Mexico,3231616,6543.0,17596.85714285714
1336,2021-08-24,Mexico,3249878,18262.0,18089.428571428572
1333,2021-08-25,Mexico,3271128,21250.0,16989.0
649,2021-08-26,Mexico,3291761,20633.0,16626.714285714286
652,2021-08-27,Mexico,3311317,19556.0,16315.57142857143
1087,2021-08-28,Mexico,3328863,17546.0,15921.142857142857
1093,2021-08-29,Mexico,3335700,6837.0,15803.857142857143
454,2021-08-30,Mexico,3341264,5564.0,15664.0
451,2021-08-31,Mexico,3352410,11146.0,14647.42857142857
304,2021-09-01,Mexico,3369747,17337.0,14088.42857142857
841,2021-09-02,Mexico,3387885,18138.0,13732.0
838,2021-09-03,Mexico,3405294,17409.0,13425.285714285714
1441,2021-09-04,Mexico,3420880,15586.0,13145.285714285714
1444,2021-09-05,Mexico,3428384,7504.0,13240.57142857143
547,2021-09-06,Mexico,3433511,5127.0,13178.142857142857
544,2021-09-07,Mexico,3449295,15784.0,13840.714285714286
997,2021-09-08,Mexico,3465171,15876.0,13632.0
988,2021-09-09,Mexico,3479999,14828.0,13159.142857142857
784,2021-09-10,Mexico,3479999,0.0,10672.142857142857
787,2021-09-11,Mexico,3506743,26744.0,12266.142857142857
1276,2021-09-12,Mexico,3511882,5139.0,11928.285714285714
1273,2021-09-13,Mexico,3516043,4161.0,11790.285714285714
1096,2021-09-14,Mexico,3528972,12929.0,11382.42857142857
1099,2021-09-15,Mexico,3542189,13217.0,11002.57142857143
151,2021-09-16,Mexico,3549229,7040.0,9890.0
148,2021-09-17,Mexico,3552983,3754.0,10426.285714285714
1342,2021-09-18,Mexico,3552983,0.0,6605.714285714285
1339,2021-09-19,Mexico,3569677,16694.0,8256.42857142857
1189,2021-09-20,Mexico,3573044,3367.0,8143.0
1192,2021-09-21,Mexico,3585565,12521.0,8084.714285714285
55,2021-09-22,Mexico,3597168,11603.0,7854.142857142857
52,2021-09-23,Mexico,3608976,11808.0,8535.285714285714
706,2021-09-24,Mexico,3619115,10139.0,9447.42857142857
709,2021-09-25,Mexico,3619115,0.0,9447.42857142857
1387,2021-09-26,Mexico,3632800,13685.0,9017.57142857143
1384,2021-09-27,Mexico,3635807,3007.0,8966.142857142857
187,2021-09-28,Mexico,3645599,9792.0,8576.285714285714
178,2021-09-29,Mexico,3655395,9796.0,8318.142857142857
1630,2021-09-30,Mexico,3664223,8828.0,7892.428571428572
58,2021-10-01,Mexico,3671611,7388.0,7499.428571428572
1198,2021-10-02,Mexico,3678980,7369.0,8552.142857142857
1195,2021-10-03,Mexico,3678980,0.0,6597.142857142857
1390,2021-10-04,Mexico,3684242,5262.0,6919.285714285715
1393,2021-10-05,Mexico,3684242,0.0,5520.428571428572
715,2021-10-06,Mexico,3691924,7682.0,5218.428571428572
712,2021-10-07,Mexico,3707234,15310.0,6144.428571428572
1135,2021-10-08,Mexico,3714392,7158.0,6111.571428571428
1132,2021-10-09,Mexico,3714392,0.0,5058.857142857143
508,2021-10-10,Mexico,3723235,8843.0,6322.142857142857
511,2021-10-11,Mexico,3725242,2007.0,5857.142857142857
1624,2021-10-12,Mexico,3732429,7187.0,6883.857142857143
1621,2021-10-13,Mexico,3738749,6320.0,6689.285714285715
1045,2021-10-14,Mexico,3744574,5825.0,5334.285714285715
1048,2021-10-15,Mexico,3749860,5286.0,5066.857142857143
295,2021-10-16,Mexico,3755063,5203.0,5810.142857142857
292,2021-10-17,Mexico,3757056,1993.0,4831.571428571428
1507,2021-10-18,Mexico,3758469,1413.0,4746.714285714285
1504,2021-10-19,Mexico,3762689,4220.0,4322.857142857143
844,2021-10-20,Mexico,3767758,5069.0,4144.142857142857
847,2021-10-21,Mexico,3772556,4798.0,3997.4285714285716
310,2021-10-22,Mexico,3777209,4653.0,3907.0
307,2021-10-23,Mexico,3781661,4452.0,3799.714285714286
550,2021-10-24,Mexico,3781661,0.0,3515.0
553,2021-10-25,Mexico,3784448,2787.0,3711.285714285714
1450,2021-10-26,Mexico,3784448,0.0,3108.4285714285716
1447,2021-10-27,Mexico,3788986,4538.0,3032.5714285714284
235,2021-10-28,Mexico,3798286,9300.0,3675.714285714286
232,2021-10-29,Mexico,3802287,4001.0,3582.5714285714284
1267,2021-10-30,Mexico,3805765,3478.0,3443.4285714285716
1270,2021-10-31,Mexico,3807211,1446.0,3650.0
1144,2021-11-01,Mexico,3807211,0.0,3251.8571428571427
7,2021-11-02,Mexico,3808205,994.0,3393.8571428571427
10,2021-11-03,Mexico,3811793,3588.0,3258.1428571428573
646,2021-11-04,Mexico,3814453,2660.0,2309.5714285714284
643,2021-11-05,Mexico,3818216,3763.0,2275.5714285714284
1327,2021-11-06,Mexico,3825404,7188.0,2805.5714285714284
1330,2021-11-07,Mexico,3826786,1382.0,2796.4285714285716
139,2021-11-08,Mexico,3826786,0.0,2796.4285714285716
142,2021-11-09,Mexico,3831259,4473.0,3293.4285714285716
1582,2021-11-10,Mexico,3831259,0.0,2780.8571428571427
1579,2021-11-11,Mexico,3838308,7049.0,3407.8571428571427
460,2021-11-12,Mexico,3838308,0.0,2870.285714285714
463,2021-11-13,Mexico,3841661,3353.0,2322.4285714285716
223,2021-11-14,Mexico,3844791,3130.0,2572.1428571428573
220,2021-11-15,Mexico,3845733,942.0,2706.714285714286
976,2021-11-16,Mexico,3846508,775.0,2178.4285714285716
979,2021-11-17,Mexico,3851079,4571.0,2831.4285714285716
532,2021-11-18,Mexico,3854994,3915.0,2383.714285714286
535,2021-11-19,Mexico,3854994,0.0,2383.714285714286
376,2021-11-20,Mexico,3858831,3837.0,2452.8571428571427
373,2021-11-21,Mexico,3862137,3306.0,2478.0
913,2021-11-22,Mexico,3864278,2141.0,2649.285714285714
916,2021-11-23,Mexico,3864278,0.0,2538.5714285714284
1489,2021-11-24,Mexico,3867976,3698.0,2413.8571428571427
1486,2021-11-25,Mexico,3876391,8415.0,3056.714285714286
592,2021-11-26,Mexico,3879836,3445.0,3548.8571428571427
595,2021-11-27,Mexico,3879836,0.0,3000.714285714286
1033,2021-11-28,Mexico,3882792,2956.0,2950.714285714286
1036,2021-11-29,Mexico,3884566,1774.0,2898.285714285714
835,2021-11-30,Mexico,3884566,0.0,2898.285714285714
1324,2021-12-01,Mexico,3891218,6652.0,3320.285714285714
695,2020-06-01,US,1812567,,
1370,2020-06-02,US,1833599,21032.0,
1367,2020-06-03,US,1853453,19854.0,
1166,2020-06-04,US,1874899,21446.0,
1169,2020-06-05,US,1904778,29879.0,
29,2020-06-06,US,1927657,22879.0,
26,2020-06-07,US,1946417,18760.0,
1253,2020-06-08,US,1962954,16537.0,21483.85714285714
1244,2020-06-09,US,1980949,17995.0,21050.0
212,2020-06-10,US,2002468,21519.0,21287.85714285714
215,2020-06-11,US,2024536,22068.0,21376.714285714286
962,2020-06-12,US,2050706,26170.0,20846.85714285714
959,2020-06-13,US,2076262,25556.0,21229.285714285714
1547,2020-06-14,US,2095981,19719.0,21366.285714285714
1550,2020-06-15,US,2114523,18542.0,21652.714285714286
422,2020-06-16,US,2138451,23928.0,22500.285714285714
419,2020-06-17,US,2165691,27240.0,23317.571428571428
878,2020-06-18,US,2193641,27950.0,24157.85714285714
875,2020-06-19,US,2225779,32138.0,25010.428571428572
1535,2020-06-20,US,2258730,32951.0,26066.85714285714
1538,2020-06-21,US,2285120,26390.0,27019.85714285714
641,2020-06-22,US,2316447,31327.0,28846.285714285714
638,2020-06-23,US,2352803,36356.0,30621.714285714286
392,2020-06-24,US,2389361,36558.0,31952.85714285714
395,2020-06-25,US,2429871,40510.0,33747.142857142855
938,2020-06-26,US,2476030,46159.0,35750.142857142855
935,2020-06-27,US,2518209,42179.0,37068.42857142857
482,2020-06-28,US,2560321,42112.0,39314.42857142857
473,2020-06-29,US,2600071,39750.0,40517.71428571428
1112,2020-06-30,US,2647342,47271.0,42077.0
1397,2020-07-01,US,2698353,51011.0,44141.71428571428
725,2020-07-02,US,2753197,54844.0,46189.42857142857
728,2020-07-03,US,2807589,54392.0,47365.57142857143
95,2020-07-04,US,2856099,48510.0,48270.0
92,2020-07-05,US,2905664,49565.0,49334.71428571428
1223,2020-07-06,US,2951697,46033.0,50232.28571428572
1226,2020-07-07,US,3010607,58910.0,51895.0
806,2020-07-08,US,3069881,59274.0,53075.42857142857
815,2020-07-09,US,3130599,60718.0,53914.57142857143
1007,2020-07-10,US,3198475,67876.0,55840.857142857145
1004,2020-07-11,US,3259863,61388.0,57680.57142857143
257,2020-07-12,US,3320744,60881.0,59297.142857142855
260,2020-07-13,US,3378087,57343.0,60912.857142857145
500,2020-07-14,US,3445024,66937.0,62059.57142857143
497,2020-07-15,US,3512928,67904.0,63292.42857142857
1610,2020-07-16,US,3588827,75899.0,65461.142857142855
1613,2020-07-17,US,3660951,72124.0,66068.0
407,2020-07-18,US,3725752,64801.0,66555.57142857143
410,2020-07-19,US,3787896,62144.0,66736.0
566,2020-07-20,US,3847543,59647.0,67065.14285714286
563,2020-07-21,US,3913604,66061.0,66940.0
1454,2020-07-22,US,3983743,70139.0,67259.28571428571
1457,2020-07-23,US,4051749,68006.0,66131.71428571429
893,2020-07-24,US,4126772,75023.0,66545.85714285714
890,2020-07-25,US,4193089,66317.0,66762.42857142857
344,2020-07-26,US,4250614,57525.0,66102.57142857143
347,2020-07-27,US,4306680,56066.0,65591.0
1553,2020-07-28,US,4370689,64009.0,65297.857142857145
1559,2020-07-29,US,4438763,68074.0,65002.857142857145
122,2020-07-30,US,4507214,68451.0,65066.42857142857
119,2020-07-31,US,4575640,68426.0,64124.0
881,2020-08-01,US,4635814,60174.0,63246.42857142857
329,2020-08-02,US,4682224,46410.0,61658.57142857143
326,2020-08-03,US,4728302,46078.0,60231.71428571428
575,2020-08-04,US,4783687,55385.0,58999.71428571428
578,2020-08-05,US,4838931,55244.0,57166.857142857145
1478,2020-08-06,US,4896306,57375.0,55584.57142857143
1475,2020-08-07,US,4957678,61372.0,54576.857142857145
218,2020-08-08,US,5013729,56051.0,53987.857142857145
209,2020-08-09,US,5062953,49224.0,54389.857142857145
1247,2020-08-10,US,5108213,45260.0,54273.0
1250,2020-08-11,US,5161090,52877.0,53914.71428571428
761,2020-08-12,US,5213428,52338.0,53499.57142857143
758,2020-08-13,US,5264867,51439.0,52651.57142857143
128,2020-08-14,US,5329946,65079.0,53181.142857142855
131,2020-08-15,US,5380358,50412.0,52375.57142857143
1079,2020-08-16,US,5421222,40864.0,51181.28571428572
1076,2020-08-17,US,5456274,35052.0,49723.0
692,2020-08-18,US,5499301,43027.0,48315.857142857145
689,2020-08-19,US,5542914,43613.0,47069.42857142857
68,2020-08-20,US,5587445,44531.0,46082.57142857143
71,2020-08-21,US,5636941,49496.0,43856.42857142857
1211,2020-08-22,US,5681968,45027.0,43087.142857142855
1208,2020-08-23,US,5716844,34876.0,42231.71428571428
1418,2020-08-24,US,5752077,35233.0,42257.57142857143
1421,2020-08-25,US,5792863,40786.0,41937.42857142857
740,2020-08-26,US,5835224,42361.0,41758.57142857143
737,2020-08-27,US,5881471,46247.0,42003.71428571428
1115,2020-08-28,US,5928279,46808.0,41619.71428571428
1109,2020-08-29,US,5973889,45610.0,41703.0
476,2020-08-30,US,6008835,34946.0,41713.0
479,2020-08-31,US,6043565,34730.0,41641.142857142855
404,2020-09-01,US,6087344,43779.0,42068.71428571428
947,2020-09-02,US,6127090,39746.0,41695.142857142855
950,2020-09-03,US,6164111,37021.0,40377.142857142855
1526,2020-09-04,US,6215201,51090.0,40988.857142857145
1523,2020-09-05,US,6259223,44022.0,40762.0
623,2020-09-06,US,6290538,31315.0,40243.28571428572
626,2020-09-07,US,6315054,24516.0,38784.142857142855
1001,2020-09-08,US,6340429,25375.0,36155.0
1010,2020-09-09,US,6375620,35191.0,35504.28571428572
812,2020-09-10,US,6410763,35143.0,35236.0
809,2020-09-11,US,6458508,47745.0,34758.142857142855
1292,2020-09-12,US,6500813,42305.0,34512.857142857145
1295,2020-09-13,US,6535747,34934.0,35029.857142857145
1106,2020-09-14,US,6568658,32911.0,36229.142857142855
1103,2020-09-15,US,6608132,39474.0,38243.28571428572
155,2020-09-16,US,6646433,38301.0,38687.57142857143
158,2020-09-17,US,6691882,45449.0,40159.857142857145
1400,2020-09-18,US,6741293,49411.0,40397.857142857145
1403,2020-09-19,US,6784772,43479.0,40565.57142857143
1187,2020-09-20,US,6824738,39966.0,41284.42857142857
1184,2020-09-21,US,6875333,50595.0,43810.71428571428
41,2020-09-22,US,6915879,40546.0,43963.857142857145
44,2020-09-23,US,6953458,37579.0,43860.71428571428
674,2020-09-24,US,7001361,47903.0,44211.28571428572
671,2020-09-25,US,7054696,53335.0,44771.857142857145
1355,2020-09-26,US,7100337,45641.0,45080.71428571428
1358,2020-09-27,US,7139349,39012.0,44944.42857142857
116,2020-09-28,US,7171980,32631.0,42378.142857142855
125,2020-09-29,US,7216183,44203.0,42900.57142857143
1556,2020-09-30,US,7256553,40370.0,43299.28571428572
35,2020-10-01,US,7302769,46216.0,43058.28571428572
1178,2020-10-02,US,7358232,55463.0,43362.28571428572
1181,2020-10-03,US,7409223,50991.0,44126.57142857143
1352,2020-10-04,US,7443970,34747.0,43517.28571428572
1349,2020-10-05,US,7482476,38506.0,44356.57142857143
665,2020-10-06,US,7527877,45401.0,44527.71428571428
668,2020-10-07,US,7578004,50127.0,45921.57142857143
1052,2020-10-08,US,7637080,59076.0,47758.71428571428
1058,2020-10-09,US,7694093,57013.0,47980.142857142855
434,2020-10-10,US,7750089,55996.0,48695.142857142855
428,2020-10-11,US,7797015,46926.0,50435.0
1562,2020-10-12,US,7839077,42062.0,50943.0
1565,2020-10-13,US,7890331,51254.0,51779.142857142855
956,2020-10-14,US,7949533,59202.0,53075.57142857143
953,2020-10-15,US,8014882,65349.0,53971.71428571428
197,2020-10-16,US,8084106,69224.0,55716.142857142855
200,2020-10-17,US,8141919,57813.0,55975.71428571428
1460,2020-10-18,US,8193140,51221.0,56589.28571428572
1463,2020-10-19,US,8260106,66966.0,60147.0
944,2020-10-20,US,8322024,61918.0,61670.42857142857
941,2020-10-21,US,8384742,62718.0,62172.71428571428
398,2020-10-22,US,8461083,76341.0,63743.0
401,2020-10-23,US,8544371,83288.0,65752.14285714286
620,2020-10-24,US,8628294,83923.0,69482.14285714286
617,2020-10-25,US,8691517,63223.0,71196.71428571429
1517,2020-10-26,US,8757665,66148.0,71079.85714285714
1520,2020-10-27,US,8835937,78272.0,73416.14285714286
251,2020-10-28,US,8914583,78646.0,75691.57142857143
254,2020-10-29,US,9006261,91678.0,77882.57142857143
1301,2020-10-30,US,9106715,100454.0,80334.85714285714
1298,2020-10-31,US,9197551,90836.0,81322.42857142857
1220,2020-11-01,US,9303326,105775.0,87401.28571428571
77,2020-11-02,US,9387308,83982.0,89949.0
74,2020-11-03,US,9515569,128261.0,97090.28571428571
743,2020-11-04,US,9619125,103556.0,100648.85714285714
746,2020-11-05,US,9749245,130120.0,106140.57142857143
1427,2020-11-06,US,9877338,128093.0,110089.0
1424,2020-11-07,US,10009891,132553.0,116048.57142857143
167,2020-11-08,US,10125271,115380.0,117420.71428571429
161,2020-11-09,US,10209674,84403.0,117480.85714285714
1601,2020-11-10,US,10354777,145103.0,119886.85714285714
1607,2020-11-11,US,10504265,149488.0,126448.57142857143
470,2020-11-12,US,10666034,161769.0,130969.85714285714
467,2020-11-13,US,10847160,181126.0,138546.0
263,2020-11-14,US,11019445,172285.0,144222.0
266,2020-11-15,US,11157358,137913.0,147441.0
1025,2020-11-16,US,11316537,159179.0,158123.2857142857
1022,2020-11-17,US,11480700,164163.0,160846.14285714287
635,2020-11-18,US,11654113,173413.0,164264.0
629,2020-11-19,US,11846014,191901.0,168568.57142857142
332,2020-11-20,US,12047450,201436.0,171470.0
335,2020-11-21,US,12229486,182036.0,172863.0
887,2020-11-22,US,12376138,146652.0,174111.42857142858
884,2020-11-23,US,12548086,171948.0,175935.57142857142
1481,2020-11-24,US,12725321,177235.0,177803.0
1484,2020-11-25,US,12910215,184894.0,179443.14285714287
584,2020-11-26,US,13028602,118387.0,168941.14285714287
581,2020-11-27,US,13231626,203024.0,169168.0
974,2020-11-28,US,13390383,158757.0,165842.42857142858
968,2020-11-29,US,13531227,140844.0,165012.7142857143
749,2020-11-30,US,13686921,155694.0,162690.7142857143
1241,2020-12-01,US,13880957,194036.0,165090.85714285713
767,2020-12-02,US,14085458,204501.0,167891.85714285713
764,2020-12-03,US,14309618,224160.0,183002.2857142857
134,2020-12-04,US,14544933,235315.0,187615.2857142857
137,2020-12-05,US,14766843,221910.0,196637.14285714287
1073,2020-12-06,US,14946062,179219.0,202119.2857142857
1070,2020-12-07,US,15136211,190149.0,207041.42857142858
680,2020-12-08,US,15367161,230950.0,212314.85714285713
677,2020-12-09,US,15588301,221140.0,214691.85714285713
869,2020-12-10,US,15822977,234676.0,216194.14285714287
872,2020-12-11,US,16063233,240256.0,216900.0
341,2020-12-12,US,16285398,222165.0,216936.42857142858
338,2020-12-13,US,16472103,186705.0,218005.85714285713
587,2020-12-14,US,16672734,200631.0,219503.2857142857
590,2020-12-15,US,16894785,222051.0,218232.0
1472,2020-12-16,US,17135476,240691.0,221025.0
1469,2020-12-17,US,17372704,237228.0,221389.57142857142
206,2020-12-18,US,17621665,248961.0,222633.14285714287
203,2020-12-19,US,17824236,202571.0,219834.0
485,2020-12-20,US,18009585,185349.0,219640.2857142857
488,2020-12-21,US,18199302,189717.0,218081.14285714287
1595,2020-12-22,US,18401274,201972.0,215212.7142857143
1592,2020-12-23,US,18627057,225783.0,213083.0
1016,2020-12-24,US,18831945,204888.0,208463.0
1019,2020-12-25,US,18940629,108684.0,188423.42857142858
272,2020-12-26,US,19159622,218993.0,190769.42857142858
269,2020-12-27,US,19314617,154995.0,186433.14285714287
1544,2020-12-28,US,19481303,166686.0,183143.0
1541,2020-12-29,US,19683000,201697.0,183103.7142857143
80,2020-12-30,US,19905929,222929.0,182696.0
83,2020-12-31,US,20164039,258110.0,190299.14285714287
1013,2021-01-01,US,20330292,166253.0,198523.2857142857
248,2021-01-02,US,20626175,295883.0,209507.57142857142
245,2021-01-03,US,20829825,203650.0,216458.2857142857
491,2021-01-04,US,21011493,181668.0,218598.57142857142
494,2021-01-05,US,21242763,231270.0,222823.2857142857
1619,2021-01-06,US,21499648,256885.0,227674.14285714287
1616,2021-01-07,US,21788279,288631.0,232034.2857142857
416,2021-01-08,US,22091766,303487.0,251639.14285714287
413,2021-01-09,US,22351300,259534.0,246446.42857142858
1412,2021-01-10,US,22564676,213376.0,247835.85714285713
1415,2021-01-11,US,22775512,210836.0,252002.7142857143
722,2021-01-12,US,22994414,218902.0,250235.85714285713
719,2021-01-13,US,23224257,229843.0,246372.7142857143
86,2021-01-14,US,23462300,238043.0,239145.85714285713
89,2021-01-15,US,23709326,247026.0,231080.0
1238,2021-01-16,US,23917958,208632.0,223808.2857142857
1235,2021-01-17,US,24094546,176588.0,218552.85714285713
821,2021-01-18,US,24235618,141072.0,208586.57142857142
818,2021-01-19,US,24399905,164287.0,200784.42857142858
104,2021-01-20,US,24585297,185392.0,194434.2857142857
107,2021-01-21,US,24777624,192327.0,187903.42857142858
1067,2021-01-22,US,24967151,189527.0,179689.2857142857
1064,2021-01-23,US,25142014,174863.0,174865.14285714287
1262,2021-01-24,US,25279848,137834.0,169328.85714285713
1265,2021-01-25,US,25421966,142118.0,169478.2857142857
773,2021-01-26,US,25566750,144784.0,166692.14285714287
770,2021-01-27,US,25721887,155137.0,162370.0
1175,2021-01-28,US,25889323,167436.0,158814.14285714287
1172,2021-01-29,US,26055170,165847.0,155431.2857142857
557,2021-01-30,US,26200854,145684.0,151262.85714285713
560,2021-01-31,US,26316283,115429.0,148062.14285714287
1466,2021-02-01,US,26445651,129368.0,146240.7142857143
572,2021-02-02,US,26559524,113873.0,141824.85714285713
569,2021-02-03,US,26682637,123113.0,137250.0
350,2021-02-04,US,26806565,123928.0,131034.57142857143
353,2021-02-05,US,26938227,131662.0,126151.0
899,2021-02-06,US,27049180,110953.0,121189.42857142857
896,2021-02-07,US,27141063,91883.0,117825.71428571429
431,2021-02-08,US,27226073,85010.0,111488.85714285714
425,2021-02-09,US,27320668,94595.0,108734.85714285714
1055,2021-02-10,US,27416500,95832.0,104837.57142857143
1061,2021-02-11,US,27522803,106303.0,102319.71428571429
113,2021-02-12,US,27622834,100031.0,97801.0
110,2021-02-13,US,27711688,88854.0,94644.0
776,2021-02-14,US,27778037,66349.0,90996.28571428571
779,2021-02-15,US,27832680,54643.0,86658.14285714286
1259,2021-02-16,US,27891283,58603.0,81516.42857142857
1256,2021-02-17,US,27961352,70069.0,77836.0
38,2021-02-18,US,28032708,71356.0,72843.57142857143
32,2021-02-19,US,28110894,78186.0,69722.85714285714
731,2021-02-20,US,28184301,73407.0,67516.14285714286
734,2021-02-21,US,28242197,57896.0,66308.57142857143
1409,2021-02-22,US,28297036,54839.0,66336.57142857143
1406,2021-02-23,US,28369052,72016.0,68252.71428571429
1229,2021-02-24,US,28444064,75012.0,68958.85714285714
1232,2021-02-25,US,28522121,78057.0,69916.14285714286
101,2021-02-26,US,28600856,78735.0,69994.57142857143
98,2021-02-27,US,28666922,66066.0,68945.85714285714
1304,2021-02-28,US,28718789,51867.0,68084.57142857143
632,2021-03-01,US,28773278,54489.0,68034.57142857143
1529,2021-03-02,US,28830345,57067.0,65899.0
1532,2021-03-03,US,28897494,67149.0,64775.71428571428
932,2021-03-04,US,28966026,68532.0,63415.0
929,2021-03-05,US,29032891,66865.0,61719.28571428572
386,2021-03-06,US,29092186,59295.0,60752.0
389,2021-03-07,US,29134252,42066.0,59351.857142857145
1598,2021-03-08,US,29178564,44312.0,57898.0
1604,2021-03-09,US,29234370,55806.0,57717.857142857145
170,2021-03-10,US,29292601,58231.0,56443.857142857145
164,2021-03-11,US,29355492,62891.0,55638.0
1118,2021-03-12,US,29417565,62073.0,54953.42857142857
1121,2021-03-13,US,29471157,53592.0,54138.71428571428
1289,2021-03-14,US,29510009,38852.0,53679.57142857143
1286,2021-03-15,US,29564777,54768.0,55173.28571428572
800,2021-03-16,US,29619158,54381.0,54969.71428571428
803,2021-03-17,US,29678645,59487.0,55149.142857142855
1214,2021-03-18,US,29739170,60525.0,54811.142857142855
1217,2021-03-19,US,29801235,62065.0,54810.0
1364,2021-03-20,US,29858257,57022.0,55300.0
1361,2021-03-21,US,29893235,34978.0,54746.57142857143
683,2021-03-22,US,29942716,49481.0,53991.28571428572
686,2021-03-23,US,29996015,53299.0,53836.71428571428
23,2021-03-24,US,30083136,87121.0,57784.42857142857
20,2021-03-25,US,30151112,67976.0,58848.857142857145
1160,2021-03-26,US,30228657,77545.0,61060.28571428572
1163,2021-03-27,US,30290880,62223.0,61803.28571428572
752,2021-03-28,US,30337234,46354.0,63428.42857142857
755,2021-03-29,US,30404532,67298.0,65973.71428571429
971,2021-03-30,US,30465969,61437.0,67136.28571428571
965,2021-03-31,US,30532941,66972.0,64257.857142857145
1130,2021-04-01,US,30612130,79189.0,65859.71428571429
194,2021-04-02,US,30683979,71849.0,65046.0
191,2021-04-03,US,30748226,64247.0,65335.142857142855
824,2021-04-04,US,30784580,36354.0,63906.57142857143
827,2021-04-05,US,30858028,73448.0,64785.142857142855
1310,2021-04-06,US,30919172,61144.0,64743.28571428572
1307,2021-04-07,US,30994162,74990.0,65888.71428571429
50,2021-04-08,US,31074414,80252.0,66040.57142857143
47,2021-04-09,US,31158751,84337.0,67824.57142857143
1499,2021-04-10,US,31228045,69294.0,68545.57142857143
1502,2021-04-11,US,31274488,46443.0,69986.85714285714
614,2021-04-12,US,31341447,66959.0,69059.85714285714
611,2021-04-13,US,31420591,79144.0,71631.28571428571
362,2021-04-14,US,31495907,75316.0,71677.85714285714
365,2021-04-15,US,31569817,73910.0,70771.85714285714
905,2021-04-16,US,31650195,80378.0,70206.28571428571
902,2021-04-17,US,31704357,54162.0,68044.57142857143
506,2021-04-18,US,31747241,42884.0,67536.14285714286
503,2021-04-19,US,31813414,66173.0,67423.85714285714
239,2021-04-20,US,31874335,60921.0,64820.57142857143
242,2021-04-21,US,31938159,63824.0,63178.857142857145
986,2021-04-22,US,32005149,66990.0,62190.28571428572
983,2021-04-23,US,32067529,62380.0,59619.142857142855
1568,2021-04-24,US,32121722,54193.0,59623.57142857143
1571,2021-04-25,US,32155696,33974.0,58350.71428571428
446,2021-04-26,US,32201356,45660.0,55420.28571428572
443,2021-04-27,US,32252090,50734.0,53965.0
854,2021-04-28,US,32307183,55093.0,52717.71428571428
851,2021-04-29,US,32366097,58914.0,51564.0
662,2021-04-30,US,32424257,58160.0,50961.142857142855
146,2021-05-01,US,32470917,46660.0,49885.0
1082,2021-05-02,US,32500979,30062.0,49326.142857142855
1085,2021-05-03,US,32549750,48771.0,49770.57142857143
1283,2021-05-04,US,32590550,40800.0,48351.42857142857
1280,2021-05-05,US,32636252,45702.0,47009.857142857145
794,2021-05-06,US,32683207,46955.0,45301.42857142857
797,2021-05-07,US,32731314,48107.0,43865.28571428572
1154,2021-05-08,US,32765833,34519.0,42130.857142857145
1157,2021-05-09,US,32787933,22100.0,40993.42857142857
542,2021-05-10,US,32823085,35152.0,39047.857142857145
539,2021-05-11,US,32857148,34063.0,38085.42857142857
1430,2021-05-12,US,32893341,36193.0,36727.0
1433,2021-05-13,US,32931870,38529.0,35523.28571428572
860,2021-05-14,US,32973734,41864.0,34631.42857142857
857,2021-05-15,US,33003344,29610.0,33930.142857142855
320,2021-05-16,US,33020785,17441.0,33264.57142857143
323,2021-05-17,US,33048554,27769.0,32209.85714285714
1586,2021-05-18,US,33076351,27797.0,31314.714285714286
1589,2021-05-19,US,33105858,29507.0,30359.571428571428
1031,2021-05-20,US,33135702,29844.0,29118.85714285714
1028,2021-05-21,US,33164253,28551.0,27217.0
287,2021-05-22,US,33184827,20574.0,25926.14285714286
290,2021-05-23,US,33198299,13472.0,25359.14285714286
524,2021-05-24,US,33222742,24443.0,24884.0
521,2021-05-25,US,33245832,23090.0,24211.571428571428
1637,2021-05-26,US,33270365,24533.0,23501.0
1640,2021-05-27,US,33297514,27149.0,23116.0
368,2021-05-28,US,33319437,21923.0,22169.14285714286
371,2021-05-29,US,33332055,12618.0,21032.571428571428
1376,2021-05-30,US,33339027,6972.0,20104.0
1373,2021-05-31,US,33345042,6015.0,17471.428571428572
698,2021-06-01,US,33366838,21796.0,17286.571428571428
1379,2021-06-02,US,33384034,17196.0,16238.42857142857
1382,2021-06-03,US,33403139,19105.0,15089.285714285714
1205,2021-06-04,US,33420273,17134.0,14405.142857142857
1202,2021-06-05,US,33434879,14606.0,14689.142857142857
62,2021-06-06,US,33440630,5751.0,14514.714285714286
65,2021-06-07,US,33455532,14902.0,15784.285714285714
1313,2021-06-08,US,33468614,13082.0,14539.42857142857
1322,2021-06-09,US,33487603,18989.0,14795.57142857143
281,2021-06-10,US,33501967,14364.0,14118.285714285714
278,2021-06-11,US,33526801,24834.0,15218.285714285714
1040,2021-06-12,US,33535565,8764.0,14383.714285714286
1043,2021-06-13,US,33540829,5264.0,14314.142857142857
1646,2021-06-14,US,33552973,12144.0,13920.142857142857
1643,2021-06-15,US,33563871,10898.0,13608.142857142857
515,2021-06-16,US,33576446,12575.0,12691.857142857143
518,2021-06-17,US,33587069,10623.0,12157.42857142857
923,2021-06-18,US,33608434,21365.0,11661.857142857143
926,2021-06-19,US,33616942,8508.0,11625.285714285714
1439,2021-06-20,US,33621444,4502.0,11516.42857142857
1436,2021-06-21,US,33633035,11591.0,11437.42857142857
527,2021-06-22,US,33643900,10865.0,11432.714285714286
530,2021-06-23,US,33657057,13157.0,11515.857142857143
317,2021-06-24,US,33670719,13662.0,11950.0
314,2021-06-25,US,33695053,24334.0,12374.142857142857
863,2021-06-26,US,33703766,8713.0,12403.42857142857
866,2021-06-27,US,33708078,4312.0,12376.285714285714
449,2021-06-28,US,33722614,14536.0,12797.0
458,2021-06-29,US,33729397,6783.0,12213.857142857143
1091,2021-06-30,US,33745720,16323.0,12666.142857142857
1346,2021-07-01,US,33760098,14378.0,12768.42857142857
659,2021-07-02,US,33789477,29379.0,13489.142857142857
656,2021-07-03,US,33794190,4713.0,12917.714285714286
2,2021-07-04,US,33798014,3824.0,12848.0
5,2021-07-05,US,33806849,8835.0,12033.57142857143
1142,2021-07-06,US,33830260,23411.0,14409.0
1139,2021-07-07,US,33852894,22634.0,15310.57142857143
791,2021-07-08,US,33871923,19029.0,15975.0
782,2021-07-09,US,33919412,47489.0,18562.14285714286
992,2021-07-10,US,33927832,8420.0,19091.714285714286
995,2021-07-11,US,33938985,11153.0,20138.714285714286
230,2021-07-12,US,33972600,33615.0,23678.714285714286
227,2021-07-13,US,33998992,26392.0,24104.571428571428
437,2021-07-14,US,34032162,33170.0,25609.714285714286
440,2021-07-15,US,34062069,29907.0,27163.714285714286
1577,2021-07-16,US,34139548,77479.0,31448.0
1574,2021-07-17,US,34151434,11886.0,31943.14285714286
302,2021-07-18,US,34171409,19975.0,33203.42857142857
299,2021-07-19,US,34223530,52121.0,35847.142857142855
605,2021-07-20,US,34264102,40572.0,37872.857142857145
608,2021-07-21,US,34314688,50586.0,40360.857142857145
1514,2021-07-22,US,34369354,54666.0,43897.857142857145
1511,2021-07-23,US,34488750,119396.0,49886.0
908,2021-07-24,US,34513930,25180.0,51785.142857142855
911,2021-07-25,US,34539564,25634.0,52593.57142857143
359,2021-07-26,US,34626086,86522.0,57508.0
356,2021-07-27,US,34694822,68736.0,61531.42857142857
1634,2021-07-28,US,34764252,69430.0,64223.42857142857
1628,2021-07-29,US,34843539,79287.0,67740.71428571429
182,2021-07-30,US,35031610,188071.0,77551.42857142857
185,2021-07-31,US,35064270,32660.0,78620.0
920,2021-08-01,US,35107206,42936.0,81091.71428571429
380,2021-08-02,US,35227423,120217.0,85905.28571428571
383,2021-08-03,US,35330623,103200.0,90828.71428571429
602,2021-08-04,US,35427293,96670.0,94720.14285714286
599,2021-08-05,US,35538203,110910.0,99237.71428571429
1493,2021-08-06,US,35793497,255294.0,108841.0
1496,2021-08-07,US,35842578,49081.0,111186.85714285714
275,2021-08-08,US,35870455,27877.0,109035.57142857143
284,2021-08-09,US,36050191,179736.0,117538.28571428571
1319,2021-08-10,US,36171399,121208.0,120110.85714285714
1316,2021-08-11,US,36327654,156255.0,128623.0
830,2021-08-12,US,36469848,142194.0,133092.14285714287
833,2021-08-13,US,36699692,229844.0,129456.42857142857
176,2021-08-14,US,36749122,49430.0,129506.28571428571
173,2021-08-15,US,36791187,42065.0,131533.14285714287
1124,2021-08-16,US,37010615,219428.0,137203.42857142858
1127,2021-08-17,US,37163415,152800.0,141716.57142857142
701,2021-08-18,US,37322014,158599.0,142051.42857142858
704,2021-08-19,US,37479239,157225.0,144198.7142857143
17,2021-08-20,US,37724906,245667.0,146459.14285714287
14,2021-08-21,US,37791423,66517.0,148900.14285714287
1148,2021-08-22,US,37827790,36367.0,148086.14285714287
1151,2021-08-23,US,38065190,237400.0,150653.57142857142
1337,2021-08-24,US,38222308,157118.0,151270.42857142858
1334,2021-08-25,US,38391732,169424.0,152816.85714285713
650,2021-08-26,US,38576172,184440.0,156704.7142857143
653,2021-08-27,US,38819716,243544.0,156401.42857142858
1088,2021-08-28,US,38880969,61253.0,155649.42857142858
1094,2021-08-29,US,38923284,42315.0,156499.14285714287
455,2021-08-30,US,39182561,259277.0,159624.42857142858
452,2021-08-31,US,39353834,171273.0,161646.57142857142
305,2021-09-01,US,39556084,202250.0,166336.0
842,2021-09-02,US,39731162,175078.0,164998.57142857142
839,2021-09-03,US,39966757,235595.0,163863.0
1442,2021-09-04,US,40036141,69384.0,165024.57142857142
1445,2021-09-05,US,40080097,43956.0,165259.0
548,2021-09-06,US,40158154,78057.0,139370.42857142858
545,2021-09-07,US,40423580,265426.0,152820.85714285713
998,2021-09-08,US,40606607,183027.0,150074.7142857143
989,2021-09-09,US,40766736,160129.0,147939.14285714287
785,2021-09-10,US,40994961,228225.0,146886.2857142857
788,2021-09-11,US,41064168,69207.0,146861.0
1277,2021-09-12,US,41103960,39792.0,146266.14285714287
1274,2021-09-13,US,41356020,252060.0,171123.7142857143
1097,2021-09-14,US,41502216,146196.0,154090.85714285713
1100,2021-09-15,US,41672793,170577.0,152312.2857142857
152,2021-09-16,US,41828301,155508.0,151652.14285714287
149,2021-09-17,US,42037171,208870.0,148887.14285714287
1343,2021-09-18,US,42097644,60473.0,147639.42857142858
1340,2021-09-19,US,42137162,39518.0,147600.2857142857
1190,2021-09-20,US,42332050,194888.0,139432.85714285713
1193,2021-09-21,US,42453701,121651.0,135926.42857142858
56,2021-09-22,US,42586824,133123.0,130575.85714285714
53,2021-09-23,US,42713293,126469.0,126427.42857142857
707,2021-09-24,US,42890193,176900.0,121860.28571428571
710,2021-09-25,US,42941060,50867.0,120488.0
1388,2021-09-26,US,42989128,48068.0,121709.42857142857
1385,2021-09-27,US,43158503,169375.0,118064.71428571429
188,2021-09-28,US,43269881,111378.0,116597.14285714286
179,2021-09-29,US,43393295,123414.0,115210.14285714286
1631,2021-09-30,US,43503243,109948.0,112850.0
59,2021-10-01,US,43656123,152880.0,109418.57142857143
1199,2021-10-02,US,43698610,42487.0,108221.42857142857
1196,2021-10-03,US,43739184,40574.0,107150.85714285714
1391,2021-10-04,US,43894148,154964.0,105092.14285714286
1394,2021-10-05,US,43991524,97376.0,103091.85714285714
716,2021-10-06,US,44102113,110589.0,101259.71428571429
713,2021-10-07,US,44202658,100545.0,99916.42857142857
1136,2021-10-08,US,44329132,126474.0,96144.14285714286
1133,2021-10-09,US,44359574,30442.0,94423.42857142857
509,2021-10-10,US,44395776,36202.0,93798.85714285714
512,2021-10-11,US,44500253,104477.0,86586.42857142857
1625,2021-10-12,US,44606614,106361.0,87870.0
1622,2021-10-13,US,44728187,121573.0,89439.14285714286
1046,2021-10-14,US,44814568,86381.0,87415.71428571429
1049,2021-10-15,US,44924368,109800.0,85033.71428571429
296,2021-10-16,US,44958983,34615.0,85629.85714285714
293,2021-10-17,US,44990096,31113.0,84902.85714285714
1508,2021-10-18,US,45094862,104766.0,84944.14285714286
1505,2021-10-19,US,45175808,80946.0,81313.42857142857
845,2021-10-20,US,45267256,91448.0,77009.85714285714
848,2021-10-21,US,45346152,78896.0,75940.57142857143
311,2021-10-22,US,45441301,95149.0,73847.57142857143
308,2021-10-23,US,45470179,28878.0,73028.0
551,2021-10-24,US,45487602,17423.0,71072.28571428571
554,2021-10-25,US,45603955,116353.0,72727.57142857143
1451,2021-10-26,US,45672673,68718.0,70980.71428571429
1448,2021-10-27,US,45773574,100901.0,72331.14285714286
236,2021-10-28,US,45851120,77546.0,72138.28571428571
233,2021-10-29,US,45944705,93585.0,71914.85714285714
1268,2021-10-30,US,45976351,31646.0,72310.28571428571
1271,2021-10-31,US,46007342,30991.0,74248.57142857143
1145,2021-11-01,US,46122948,115606.0,74141.85714285714
8,2021-11-02,US,46194029,71081.0,74479.42857142857
11,2021-11-03,US,46278614,84585.0,72148.57142857143
647,2021-11-04,US,46360436,81822.0,72759.42857142857
644,2021-11-05,US,46456541,96105.0,73119.42857142857
1328,2021-11-06,US,46489437,32896.0,73298.0
1331,2021-11-07,US,46524743,35306.0,73914.42857142857
140,2021-11-08,US,46637056,112313.0,73444.0
143,2021-11-09,US,46717357,80301.0,74761.14285714286
1583,2021-11-10,US,46812332,94975.0,76245.42857142857
1580,2021-11-11,US,46867831,55499.0,72485.0
461,2021-11-12,US,47014360,146529.0,79688.42857142857
464,2021-11-13,US,47055324,40964.0,80841.0
224,2021-11-14,US,47085614,30290.0,80124.42857142857
221,2021-11-15,US,47224576,138962.0,83931.42857142857
977,2021-11-16,US,47312202,87626.0,84977.85714285714
980,2021-11-17,US,47423606,111404.0,87324.85714285714
533,2021-11-18,US,47533702,110096.0,95124.42857142857
536,2021-11-19,US,47659290,125588.0,92132.85714285714
377,2021-11-20,US,47700783,41493.0,92208.42857142857
374,2021-11-21,US,47738554,37771.0,93277.14285714286
914,2021-11-22,US,47889042,150488.0,94923.71428571429
917,2021-11-23,US,47981453,92411.0,95607.28571428571
1490,2021-11-24,US,48092823,111370.0,95602.42857142857
1487,2021-11-25,US,48125425,32602.0,84531.85714285714
593,2021-11-26,US,48176523,51098.0,73890.42857142857
596,2021-11-27,US,48201079,24556.0,71470.85714285714
1034,2021-11-28,US,48241903,40824.0,71907.0
1037,2021-11-29,US,48438876,196973.0,78547.71428571429
836,2021-11-30,US,48555974,117098.0,82074.42857142857
1325,2021-12-01,US,48691353,135379.0,85504.28571428571
